date,corridor,gpr_sum,corridor_hit_count,total_articles,positive_articles,matched_positive_articles,raw_ratio,score_status,threat_index,corridor_name,energy_exposure,goods_exposure,energy_risk,goods_risk,corridor_risk,corridor_risk_7ma,corridor_risk_30ma
2026-01-01,cape_of_good_hope,9.380619133931187,15,8459,1124,546,0.001108951310312234,ok,86.82908817961649,Cape of Good Hope,0.136,0.0,11.808755992427844,0.0,11.808755992427844,,
2026-01-01,danish_straits_baltic,130.79112159863774,192,8459,1124,546,0.015461771083891447,ok,100.0,Danish Straits / Baltic,0.176,0.0,17.599999999999998,0.0,17.599999999999998,,
2026-01-01,red_sea_suez,58.10451502072692,92,8459,1124,546,0.006868957917097402,ok,54.30345347968627,Red Sea / Bab el-Mandeb / Suez,0.271,0.35,14.71623589299498,19.006208717890193,19.006208717890193,,
2026-01-01,strait_of_hormuz,111.06322701148686,164,8459,1124,546,0.013129592979251313,ok,18.265627847579022,Strait of Hormuz,0.336,0.0,6.137250956786552,0.0,6.137250956786552,,
2026-01-01,strait_of_malacca,37.350866843217105,56,8459,1124,546,0.004415518009601265,ok,100.0,Strait of Malacca,0.0,0.55,0.0,55.00000000000001,55.00000000000001,,
2026-01-01,taiwan_south_china_sea,93.86918789816488,148,8459,1124,546,0.011096960385171401,ok,93.78633918704539,Taiwan Strait / South China Sea,0.0,0.55,0.0,51.58248655287497,51.58248655287497,,
2026-01-02,cape_of_good_hope,5.940929675713953,10,11640,1335,678,0.000510389147398106,ok,25.820186244099354,Cape of Good Hope,0.136,0.0,3.5115453291975123,0.0,3.5115453291975123,,
2026-01-02,danish_straits_baltic,125.07818945766995,183,11640,1335,678,0.010745548922480237,ok,67.34978161516021,Danish Straits / Baltic,0.176,0.0,11.853561564268196,0.0,11.853561564268196,,
2026-01-02,red_sea_suez,74.2045121347105,104,11640,1335,678,0.006374958087174441,ok,48.552004757904434,Red Sea / Bab el-Mandeb / Suez,0.271,0.35,13.157593289392103,16.99320166526655,16.99320166526655,,
2026-01-02,strait_of_hormuz,180.94009718674778,260,11640,1335,678,0.015544681888895857,ok,23.530462782861328,Strait of Hormuz,0.336,0.0,7.906235495041407,0.0,7.906235495041407,,
2026-01-02,strait_of_malacca,15.198658690729042,23,11640,1335,678,0.0013057266916433885,ok,42.58000324426094,Strait of Malacca,0.0,0.55,0.0,23.41900178434352,23.41900178434352,,
2026-01-02,taiwan_south_china_sea,100.32507745980017,158,11640,1335,678,0.00861899290891754,ok,61.140504318465894,Taiwan Strait / South China Sea,0.0,0.55,0.0,33.62727737515625,33.62727737515625,,
2026-01-03,cape_of_good_hope,5.933453230101346,9,8775,1364,714,0.0006761770062793556,ok,39.37293783478425,Cape of Good Hope,0.136,0.0,5.354719545530659,0.0,5.354719545530659,,
2026-01-03,danish_straits_baltic,161.69064146711042,230,8775,1364,714,0.018426283927875833,ok,100.0,Danish Straits / Baltic,0.176,0.0,17.599999999999998,0.0,17.599999999999998,,
2026-01-03,red_sea_suez,63.82041752712751,89,8775,1364,714,0.007272982054373506,ok,62.12254500497229,Red Sea / Bab el-Mandeb / Suez,0.271,0.35,16.83520969634749,21.7428907517403,21.7428907517403,,
2026-01-03,strait_of_hormuz,269.4199997185315,396,8775,1364,714,0.030703133871057723,ok,65.31783323507275,Strait of Hormuz,0.336,0.0,21.946791966984446,0.0,21.946791966984446,,
2026-01-03,strait_of_malacca,7.684352343445176,11,8775,1364,714,0.000875709668768681,ok,23.3866213628911,Strait of Malacca,0.0,0.55,0.0,12.862641749590106,12.862641749590106,,
2026-01-03,taiwan_south_china_sea,155.5548524958567,237,8775,1364,714,0.017727048717476546,ok,100.0,Taiwan Strait / South China Sea,0.0,0.55,0.0,55.00000000000001,55.00000000000001,,
2026-01-04,cape_of_good_hope,13.581207138548535,19,6960,1185,483,0.001951322864733985,ok,100.0,Cape of Good Hope,0.136,0.0,13.600000000000001,0.0,13.600000000000001,,
2026-01-04,danish_straits_baltic,161.08611215142426,251,6960,1185,483,0.02314455634359544,ok,100.0,Danish Straits / Baltic,0.176,0.0,17.599999999999998,0.0,17.599999999999998,,
2026-01-04,red_sea_suez,40.59619834334963,60,6960,1185,483,0.0058327871182973605,ok,42.4918221900313,Red Sea / Bab el-Mandeb / Suez,0.271,0.35,11.515283813498483,14.872137766510955,14.872137766510955,,
2026-01-04,strait_of_hormuz,102.29301286452207,152,6960,1185,483,0.014697271963293401,ok,21.63280353757635,Strait of Hormuz,0.336,0.0,7.268621988625655,0.0,7.268621988625655,,
2026-01-04,strait_of_malacca,4.425214063915286,7,6960,1185,483,0.0006358066183786331,ok,14.468210996854738,Strait of Malacca,0.0,0.55,0.0,7.957516048270107,7.957516048270107,,
2026-01-04,taiwan_south_china_sea,130.47704197782116,197,6960,1185,483,0.018746701433594994,ok,100.0,Taiwan Strait / South China Sea,0.0,0.55,0.0,55.00000000000001,55.00000000000001,,
2026-01-05,cape_of_good_hope,20.384861855873034,30,13827,1779,740,0.0014742794428200647,ok,100.0,Cape of Good Hope,0.136,0.0,13.600000000000001,0.0,13.600000000000001,,
2026-01-05,danish_straits_baltic,255.63520903757802,394,13827,1779,740,0.018488118104981414,ok,100.0,Danish Straits / Baltic,0.176,0.0,17.599999999999998,0.0,17.599999999999998,,
2026-01-05,red_sea_suez,69.05486038902211,102,13827,1779,740,0.004994204121575332,ok,33.665928709552844,Red Sea / Bab el-Mandeb / Suez,0.271,0.35,9.123466680288821,11.783075048343495,11.783075048343495,,
2026-01-05,strait_of_hormuz,146.73362560961596,221,13827,1779,740,0.010612108599813116,ok,13.272729358500495,Strait of Hormuz,0.336,0.0,4.4596370644561665,0.0,4.4596370644561665,,
2026-01-05,strait_of_malacca,15.404520273151354,25,13827,1779,740,0.0011140898440118142,ok,33.55889018522361,Strait of Malacca,0.0,0.55,0.0,18.457389601872986,18.457389601872986,,
2026-01-05,taiwan_south_china_sea,178.07472310897478,284,13827,1779,740,0.01287876785340094,ok,100.0,Taiwan Strait / South China Sea,0.0,0.55,0.0,55.00000000000001,55.00000000000001,,
2026-01-06,cape_of_good_hope,18.535186787843372,29,16104,1902,954,0.0011509678830007061,ok,91.81028391645322,Cape of Good Hope,0.136,0.0,12.486198612637638,0.0,12.486198612637638,,
2026-01-06,danish_straits_baltic,308.61711934892696,466,16104,1902,954,0.019164003933738634,ok,100.0,Danish Straits / Baltic,0.176,0.0,17.599999999999998,0.0,17.599999999999998,,
2026-01-06,red_sea_suez,69.50042572447958,107,16104,1902,954,0.00431572439918527,ok,27.04404941559992,Red Sea / Bab el-Mandeb / Suez,0.271,0.35,7.328937391627578,9.465417295459972,9.465417295459972,,
2026-01-06,strait_of_hormuz,167.43114785247738,254,16104,1902,954,0.010396867104599937,ok,12.870975078806543,Strait of Hormuz,0.336,0.0,4.324647626478999,0.0,4.324647626478999,,
2026-01-06,strait_of_malacca,21.610157894139938,35,16104,1902,954,0.0013419124375397377,ok,44.36224688059801,Strait of Malacca,0.0,0.55,0.0,24.399235784328905,24.399235784328905,,
2026-01-06,taiwan_south_china_sea,227.81282480762692,357,16104,1902,954,0.014146350273697648,ok,100.0,Taiwan Strait / South China Sea,0.0,0.55,0.0,55.00000000000001,55.00000000000001,,
2026-01-07,cape_of_good_hope,22.940306239964055,36,16340,1984,856,0.001403935510401717,ok,100.0,Cape of Good Hope,0.136,0.0,13.600000000000001,0.0,13.600000000000001,,
2026-01-07,danish_straits_baltic,309.5396244769474,483,16340,1984,856,0.01894367346860143,ok,100.0,Danish Straits / Baltic,0.176,0.0,17.599999999999998,0.0,17.599999999999998,,
2026-01-07,red_sea_suez,60.63715628803389,90,16340,1984,856,0.0037109642771134574,ok,21.563602966678648,Red Sea / Bab el-Mandeb / Suez,0.271,0.35,5.843736403969914,7.547261038337526,7.547261038337526,,
2026-01-07,strait_of_hormuz,167.40167863502023,253,16340,1984,856,0.010244900773257052,ok,12.589814897370037,Strait of Hormuz,0.336,0.0,4.230177805516332,0.0,4.230177805516332,,
2026-01-07,strait_of_malacca,11.890266466513937,19,16340,1984,856,0.0007276784863227624,ok,17.7148129110737,Strait of Malacca,0.0,0.55,0.0,9.743147101090536,9.743147101090536,,
2026-01-07,taiwan_south_china_sea,168.1109404500921,270,16340,1984,856,0.010288307249087645,ok,79.73704185481868,Taiwan Strait / South China Sea,0.0,0.55,0.0,43.85537302015028,43.85537302015028,,
2026-01-08,cape_of_good_hope,35.37134085804257,55,33138,3914,1459,0.001067395161387005,ok,78.08993626255743,Cape of Good Hope,0.136,0.0,10.620231331707812,0.0,10.620231331707812,,
2026-01-08,danish_straits_baltic,457.02261600321026,682,33138,3914,1459,0.013791496650468051,ok,100.0,Danish Straits / Baltic,0.176,0.0,17.599999999999998,0.0,17.599999999999998,,
2026-01-08,red_sea_suez,101.80774355505719,152,33138,3914,1459,0.0030722356073105556,ok,16.24325057048229,Red Sea / Bab el-Mandeb / Suez,0.271,0.35,4.401920904600701,5.6851376996688,5.6851376996688,,
2026-01-08,strait_of_hormuz,296.6893693967628,430,33138,3914,1459,0.008953146520513091,ok,10.285401468995115,Strait of Hormuz,0.336,0.0,3.455894893582359,0.0,3.455894893582359,,
2026-01-08,strait_of_malacca,23.030946455607335,38,33138,3914,1459,0.0006950011001148934,ok,16.53504972095481,Strait of Malacca,0.0,0.55,0.0,9.094277346525146,9.094277346525146,,
2026-01-08,taiwan_south_china_sea,329.3631313589285,495,33138,3914,1459,0.009939137285259476,ok,75.71244403415135,Taiwan Strait / South China Sea,0.0,0.55,0.0,41.64184421878324,41.64184421878324,,
2026-01-09,cape_of_good_hope,35.72804474613617,55,31795,3619,1529,0.0011237001020958067,ok,88.56704466890253,Cape of Good Hope,0.136,0.0,12.045118074970745,0.0,12.045118074970745,,
2026-01-09,danish_straits_baltic,387.36331848336243,590,31795,3619,1529,0.012183152020234705,ok,81.30790633263682,Danish Straits / Baltic,0.176,0.0,14.31019151454408,0.0,14.31019151454408,,
2026-01-09,red_sea_suez,133.62849874443967,198,31795,3619,1529,0.004202814868515165,ok,25.989717349079,Red Sea / Bab el-Mandeb / Suez,0.271,0.35,7.0432134016004095,9.096401072177649,9.096401072177649,,
2026-01-09,strait_of_hormuz,434.97617315802785,622,31795,3619,1529,0.01368064705639339,ok,19.427533587861458,Strait of Hormuz,0.336,0.0,6.527651285521451,0.0,6.527651285521451,,
2026-01-09,strait_of_malacca,43.389963288133146,70,31795,3619,1529,0.0013646788264863388,ok,45.49597191608649,Strait of Malacca,0.0,0.55,0.0,25.022784553847572,25.022784553847572,,
2026-01-09,taiwan_south_china_sea,250.7345026666461,390,31795,3619,1529,0.00788597272107709,ok,53.509037268490324,Taiwan Strait / South China Sea,0.0,0.55,0.0,29.429970497669682,29.429970497669682,,
2026-01-10,cape_of_good_hope,19.00358159562438,26,18026,2115,906,0.0010542317538901798,ok,76.64985956701926,Cape of Good Hope,0.136,0.0,10.42438090111462,0.0,10.42438090111462,,
2026-01-10,danish_straits_baltic,275.8944473044644,418,18026,2115,906,0.015305361550231022,ok,100.0,Danish Straits / Baltic,0.176,0.0,17.599999999999998,0.0,17.599999999999998,,
2026-01-10,red_sea_suez,69.67828305150059,100,18026,2115,906,0.0038654323228392647,ok,22.923887961285583,Red Sea / Bab el-Mandeb / Suez,0.271,0.35,6.212373637508393,8.023360786449954,8.023360786449954,,
2026-01-10,strait_of_hormuz,223.12294038619015,316,18026,2115,906,0.012377839808398433,ok,16.71956588652289,Strait of Hormuz,0.336,0.0,5.617774137871692,0.0,5.617774137871692,,
2026-01-10,strait_of_malacca,16.540580904653854,24,18026,2115,906,0.0009175957452931241,ok,25.084436756571726,Strait of Malacca,0.0,0.55,0.0,13.796440216114451,13.796440216114451,,
2026-01-10,taiwan_south_china_sea,159.264750403031,239,18026,2115,906,0.008835279618497227,ok,63.45629031847101,Taiwan Strait / South China Sea,0.0,0.55,0.0,34.90095967515906,34.90095967515906,,
2026-01-11,cape_of_good_hope,9.272544033205403,15,14411,2068,977,0.0006434351560062038,ok,36.548066208986164,Cape of Good Hope,0.136,0.0,4.970537004422119,0.0,4.970537004422119,,
2026-01-11,danish_straits_baltic,159.2690209464672,245,14411,2068,977,0.011051906248453765,ok,70.25044368822947,Danish Straits / Baltic,0.176,0.0,12.364078089128386,0.0,12.364078089128386,,
2026-01-11,red_sea_suez,53.605716105548524,78,14411,2068,977,0.003719777677159706,ok,21.64046767359417,Red Sea / Bab el-Mandeb / Suez,0.271,0.35,5.864566739544021,7.574163685757959,7.574163685757959,,
2026-01-11,strait_of_hormuz,360.8287723216026,512,14411,2068,977,0.025038427057220362,ok,48.10256931441133,Strait of Hormuz,0.336,0.0,16.162463289642208,0.0,16.162463289642208,,
2026-01-11,strait_of_malacca,17.782771694780124,27,14411,2068,977,0.0012339720834626414,ok,39.11877703766009,Strait of Malacca,0.0,0.55,0.0,21.51532737071305,21.51532737071305,,
2026-01-11,taiwan_south_china_sea,99.65050703925132,157,14411,2068,977,0.0069148918908647095,ok,43.93618290625129,Taiwan Strait / South China Sea,0.0,0.55,0.0,24.164900598438212,24.164900598438212,,
2026-01-12,cape_of_good_hope,43.277243387681516,64,28966,3830,1670,0.0014940704062584242,ok,100.0,Cape of Good Hope,0.136,0.0,13.600000000000001,0.0,13.600000000000001,,
2026-01-12,danish_straits_baltic,281.37813776505976,427,28966,3830,1670,0.009714083330976309,ok,57.888996372943694,Danish Straits / Baltic,0.176,0.0,10.188463361638089,0.0,10.188463361638089,,
2026-01-12,red_sea_suez,93.71649606421042,137,28966,3830,1670,0.003235396536084044,ok,17.554256528853543,Red Sea / Bab el-Mandeb / Suez,0.271,0.35,4.757203519319311,6.143989785098739,6.143989785098739,,
2026-01-12,strait_of_hormuz,643.9930550778253,941,28966,3830,1670,0.022232723022779302,ok,40.24822170485714,Strait of Hormuz,0.336,0.0,13.523402492831998,0.0,13.523402492831998,,
2026-01-12,strait_of_malacca,27.413708029280443,46,28966,3830,1670,0.000946409860846525,ok,26.275207360045254,Strait of Malacca,0.0,0.55,0.0,14.45136404802489,14.45136404802489,,
2026-01-12,taiwan_south_china_sea,245.79016396830556,391,28966,3830,1670,0.008485471379144707,ok,59.725279526774436,Taiwan Strait / South China Sea,0.0,0.55,0.0,32.84890373972594,32.84890373972594,,
2026-01-13,cape_of_good_hope,30.083342556382874,44,33328,3969,1952,0.0009026446998434611,ok,60.72709108674887,Cape of Good Hope,0.136,0.0,8.258884387797847,0.0,8.258884387797847,,
2026-01-13,danish_straits_baltic,434.7943859474625,669,33328,3969,1952,0.013045918925451948,ok,94.60075339992642,Danish Straits / Baltic,0.176,0.0,16.64973259838705,0.0,16.64973259838705,,
2026-01-13,red_sea_suez,161.15040128587222,224,33328,3969,1952,0.004835285684285652,ok,32.07187675761871,Red Sea / Bab el-Mandeb / Suez,0.271,0.35,8.691478601314671,11.225156865166548,11.225156865166548,,
2026-01-13,strait_of_hormuz,643.3906020187972,969,33328,3969,1952,0.01930480682965666,ok,32.56536128959576,Strait of Hormuz,0.336,0.0,10.941961393304174,0.0,10.941961393304174,,
2026-01-13,strait_of_malacca,61.51377605264973,103,33328,3969,1952,0.0018457085949546846,ok,75.13828324666453,Strait of Malacca,0.0,0.55,0.0,41.326055785665496,41.326055785665496,,
2026-01-13,taiwan_south_china_sea,368.49684188853377,575,33328,3969,1952,0.011056674324547941,ok,93.27608446892206,Taiwan Strait / South China Sea,0.0,0.55,0.0,51.30184645790714,51.30184645790714,,
2026-01-14,cape_of_good_hope,22.118952206839737,31,33847,3828,1865,0.0006534981595662757,ok,37.408799984343275,Cape of Good Hope,0.136,0.0,5.0875967978706855,0.0,5.0875967978706855,,
2026-01-14,danish_straits_baltic,278.05717955780557,428,33847,3828,1865,0.008215120381652896,ok,45.0209008625213,Danish Straits / Baltic,0.176,0.0,7.923678551803748,0.0,7.923678551803748,,
2026-01-14,red_sea_suez,188.1718359659698,281,33847,3828,1865,0.00555948343918131,ok,39.540561079768985,Red Sea / Bab el-Mandeb / Suez,0.271,0.35,10.715492052617396,13.839196377919144,13.839196377919144,,
2026-01-14,strait_of_hormuz,617.9808498186585,957,33847,3828,1865,0.018258068656562133,ok,29.952975002695393,Strait of Hormuz,0.336,0.0,10.064199600905653,0.0,10.064199600905653,,
2026-01-14,strait_of_malacca,35.27105716992634,58,33847,3828,1865,0.0010420733645500734,ok,30.35810860448298,Strait of Malacca,0.0,0.55,0.0,16.69695973246564,16.69695973246564,,
2026-01-14,taiwan_south_china_sea,288.077735783238,465,33847,3828,1865,0.008511174868769403,ok,59.99685725953881,Taiwan Strait / South China Sea,0.0,0.55,0.0,32.99827149274635,32.99827149274635,,
2026-01-15,cape_of_good_hope,24.74191526956898,40,34180,3849,1625,0.0007238711313507601,ok,43.61130767248743,Cape of Good Hope,0.136,0.0,5.93113784345829,0.0,5.93113784345829,,
2026-01-15,danish_straits_baltic,320.51534632780124,485,34180,3849,1625,0.00937727754031016,ok,54.90456288007599,Danish Straits / Baltic,0.176,0.0,9.663203066893374,0.0,9.663203066893374,,
2026-01-15,red_sea_suez,138.52289045080843,206,34180,3849,1625,0.004052746941217333,ok,24.610214351050065,Red Sea / Bab el-Mandeb / Suez,0.271,0.35,6.669368089134568,8.613575022867522,8.613575022867522,,
2026-01-15,strait_of_hormuz,530.9022678535603,770,34180,3849,1625,0.015532541481964899,ok,23.502902205111333,Strait of Hormuz,0.336,0.0,7.896975140917409,0.0,7.896975140917409,,
2026-01-15,strait_of_malacca,32.34198045118168,48,34180,3849,1625,0.0009462252911404822,ok,26.267521412791496,Strait of Malacca,0.0,0.55,0.0,14.447136777035324,14.447136777035324,,
2026-01-15,taiwan_south_china_sea,225.18320479029717,340,34180,3849,1625,0.006588156957001087,ok,40.8592261919108,Taiwan Strait / South China Sea,0.0,0.55,0.0,22.47257440555094,22.47257440555094,,
2026-01-16,cape_of_good_hope,29.371503947618624,46,32133,3089,1311,0.0009140604346814373,ok,61.88274784864348,Cape of Good Hope,0.136,0.0,8.416053707415514,0.0,8.416053707415514,,
2026-01-16,danish_straits_baltic,321.35965042024833,496,32133,3089,1311,0.010000922740492588,ok,60.47186900833395,Danish Straits / Baltic,0.176,0.0,10.643048945466774,0.0,10.643048945466774,,
2026-01-16,red_sea_suez,154.7144410212591,224,32133,3089,1311,0.004814814708283045,ok,31.86842014431866,Red Sea / Bab el-Mandeb / Suez,0.271,0.35,8.636341859110358,11.15394705051153,11.15394705051153,,
2026-01-16,strait_of_hormuz,344.7307879882431,502,32133,3089,1311,0.010728247844528775,ok,13.49121015352844,Strait of Hormuz,0.336,0.0,4.533046611585556,0.0,4.533046611585556,,
2026-01-16,strait_of_malacca,22.943641890468196,35,32133,3089,1311,0.000714021158636548,ok,17.218443477340873,Strait of Malacca,0.0,0.55,0.0,9.47014391253748,9.47014391253748,,
2026-01-16,taiwan_south_china_sea,250.23773607706562,393,32133,3089,1311,0.007787562197026907,ok,52.51054478066565,Taiwan Strait / South China Sea,0.0,0.55,0.0,28.88079962936611,28.88079962936611,,
2026-01-17,cape_of_good_hope,35.006598770098755,56,19257,2706,1313,0.0018178635701354704,ok,100.0,Cape of Good Hope,0.136,0.0,13.600000000000001,0.0,13.600000000000001,,
2026-01-17,danish_straits_baltic,389.10621478399565,572,19257,2706,1313,0.02020596223627749,ok,100.0,Danish Straits / Baltic,0.176,0.0,17.599999999999998,0.0,17.599999999999998,,
2026-01-17,red_sea_suez,175.22498826148305,265,19257,2706,1313,0.009099287960818561,ok,86.93438360022296,Red Sea / Bab el-Mandeb / Suez,0.271,0.35,23.559217955660422,30.427034260078035,30.427034260078035,,
2026-01-17,strait_of_hormuz,293.184092713426,432,19257,2706,1313,0.015224806185461185,ok,22.807903632662985,Strait of Hormuz,0.336,0.0,7.663455620574763,0.0,7.663455620574763,,
2026-01-17,strait_of_malacca,23.689906943764775,39,19257,2706,1313,0.001230197172132979,ok,38.9394088136559,Strait of Malacca,0.0,0.55,0.0,21.41667484751075,21.41667484751075,,
2026-01-17,taiwan_south_china_sea,260.2931035210797,407,19257,2706,1313,0.013516804461810234,ok,100.0,Taiwan Strait / South China Sea,0.0,0.55,0.0,55.00000000000001,55.00000000000001,,
2026-01-18,cape_of_good_hope,16.734902527744733,25,15144,2089,864,0.001105051672460693,ok,86.37148808470852,Cape of Good Hope,0.136,0.0,11.746522379520359,0.0,11.746522379520359,,
2026-01-18,danish_straits_baltic,234.30870509981142,348,15144,2089,864,0.015472048672729227,ok,100.0,Danish Straits / Baltic,0.176,0.0,17.599999999999998,0.0,17.599999999999998,,
2026-01-18,red_sea_suez,94.51197387498635,134,15144,2089,864,0.0062408857550836205,ok,47.02843375007262,Red Sea / Bab el-Mandeb / Suez,0.271,0.35,12.744705546269682,16.459951812525418,16.459951812525418,,
2026-01-18,strait_of_hormuz,218.8654051235229,312,15144,2089,864,0.014452285071547999,ok,21.094172319514666,Strait of Hormuz,0.336,0.0,7.087641899356928,0.0,7.087641899356928,,
2026-01-18,strait_of_malacca,12.175023769191718,18,15144,2089,864,0.0008039503281294056,ok,20.571743105474017,Strait of Malacca,0.0,0.55,0.0,11.31445870801071,11.31445870801071,,
2026-01-18,taiwan_south_china_sea,134.8257449613624,203,15144,2089,864,0.008902915013296514,ok,64.18633420262726,Taiwan Strait / South China Sea,0.0,0.55,0.0,35.302483811445,35.302483811445,,
2026-01-19,cape_of_good_hope,32.08300611685041,49,24478,2964,1496,0.0013106873975345377,ok,100.0,Cape of Good Hope,0.136,0.0,13.600000000000001,0.0,13.600000000000001,,
2026-01-19,danish_straits_baltic,510.60605839025635,768,24478,2964,1496,0.020859794852122575,ok,100.0,Danish Straits / Baltic,0.176,0.0,17.599999999999998,0.0,17.599999999999998,,
2026-01-19,red_sea_suez,140.72461093614552,207,24478,2964,1496,0.005749024059814753,ok,41.57979613045369,Red Sea / Bab el-Mandeb / Suez,0.271,0.35,11.26812475135295,14.55292864565879,14.55292864565879,,
2026-01-19,strait_of_hormuz,299.0046819862042,432,24478,2964,1496,0.012215241522436646,ok,16.391201826612264,Strait of Hormuz,0.336,0.0,5.5074438137417205,0.0,5.5074438137417205,,
2026-01-19,strait_of_malacca,49.00735490358853,76,24478,2964,1496,0.0020020980024343707,ok,84.88766051310984,Strait of Malacca,0.0,0.55,0.0,46.68821328221041,46.68821328221041,,
2026-01-19,taiwan_south_china_sea,314.0073003371835,479,24478,2964,1496,0.01282814365296117,ok,100.0,Taiwan Strait / South China Sea,0.0,0.55,0.0,55.00000000000001,55.00000000000001,,
2026-01-20,cape_of_good_hope,31.61446365339167,50,31561,3583,1711,0.0010016939784351468,ok,70.9920665198423,Cape of Good Hope,0.136,0.0,9.654921046698552,0.0,9.654921046698552,,
2026-01-20,danish_straits_baltic,549.9042728283908,863,31561,3583,1711,0.01742353768348249,ok,100.0,Danish Straits / Baltic,0.176,0.0,17.599999999999998,0.0,17.599999999999998,,
2026-01-20,red_sea_suez,157.01598831678487,230,31561,3583,1711,0.004975000421937989,ok,33.471937291185576,Red Sea / Bab el-Mandeb / Suez,0.271,0.35,9.070895005911291,11.71517805191495,11.71517805191495,,
2026-01-20,strait_of_hormuz,289.6112348030348,418,31561,3583,1711,0.00917623759713047,ok,10.672217937818012,Strait of Hormuz,0.336,0.0,3.585865227106852,0.0,3.585865227106852,,
2026-01-20,strait_of_malacca,57.75265466992386,90,31561,3583,1711,0.0018298740429620055,ok,74.17342976648584,Strait of Malacca,0.0,0.55,0.0,40.79538637156721,40.79538637156721,,
2026-01-20,taiwan_south_china_sea,439.4368213304787,670,31561,3583,1711,0.013923412481558846,ok,100.0,Taiwan Strait / South China Sea,0.0,0.55,0.0,55.00000000000001,55.00000000000001,,
2026-01-21,cape_of_good_hope,33.84139704424994,55,34416,3588,1637,0.0009833041911974064,ok,69.04608508913773,Cape of Good Hope,0.136,0.0,9.390267572122733,0.0,9.390267572122733,,
2026-01-21,danish_straits_baltic,620.3909430668893,942,34416,3588,1637,0.018026236142110918,ok,100.0,Danish Straits / Baltic,0.176,0.0,17.599999999999998,0.0,17.599999999999998,,
2026-01-21,red_sea_suez,184.39813533937937,269,34416,3588,1637,0.0053579188557467275,ok,37.40979810745063,Red Sea / Bab el-Mandeb / Suez,0.271,0.35,10.138055287119121,13.093429337607718,13.093429337607718,,
2026-01-21,strait_of_hormuz,310.3524553906704,454,34416,3588,1637,0.00901767943371311,ok,10.396805018412271,Strait of Hormuz,0.336,0.0,3.493326486186523,0.0,3.493326486186523,,
2026-01-21,strait_of_malacca,23.002187014144063,36,34416,3588,1637,0.0006683573632654598,ok,15.593383955851198,Strait of Malacca,0.0,0.55,0.0,8.57636117571816,8.57636117571816,,
2026-01-21,taiwan_south_china_sea,371.2706547677609,558,34416,3588,1637,0.010787734041369157,ok,89.89362150403653,Taiwan Strait / South China Sea,0.0,0.55,0.0,49.4414918272201,49.4414918272201,,
2026-01-22,cape_of_good_hope,35.780254817639744,57,33803,4255,1676,0.0010584934715155384,ok,77.11511300477805,Cape of Good Hope,0.136,0.0,10.487655368649817,0.0,10.487655368649817,,
2026-01-22,danish_straits_baltic,611.8281067815313,919,33803,4255,1676,0.01809981678494605,ok,100.0,Danish Straits / Baltic,0.176,0.0,17.599999999999998,0.0,17.599999999999998,,
2026-01-22,red_sea_suez,258.48007960873673,372,33803,4255,1676,0.007646660935678394,ok,66.97122076843218,Red Sea / Bab el-Mandeb / Suez,0.271,0.35,18.14920082824512,23.43992726895126,23.43992726895126,,
2026-01-22,strait_of_hormuz,346.83537026168443,498,33803,4255,1676,0.010260490792583038,ok,12.618563361522794,Strait of Hormuz,0.336,0.0,4.239837289471659,0.0,4.239837289471659,,
2026-01-22,strait_of_malacca,97.27497337070679,153,33803,4255,1676,0.002877702374662213,ok,100.0,Strait of Malacca,0.0,0.55,0.0,55.00000000000001,55.00000000000001,,
2026-01-22,taiwan_south_china_sea,358.51512035880165,539,33803,4255,1676,0.010606014861367382,ok,87.63182930522329,Taiwan Strait / South China Sea,0.0,0.55,0.0,48.19750611787281,48.19750611787281,,
2026-01-23,cape_of_good_hope,39.85195772069787,55,32989,3560,1552,0.0012080377616992897,ok,98.72275983600657,Cape of Good Hope,0.136,0.0,13.426295337696896,0.0,13.426295337696896,,
2026-01-23,danish_straits_baltic,491.75023222441024,729,32989,3560,1552,0.014906491018958145,ok,100.0,Danish Straits / Baltic,0.176,0.0,17.599999999999998,0.0,17.599999999999998,,
2026-01-23,red_sea_suez,112.85937251910089,163,32989,3560,1552,0.003421121359213704,ok,19.087273079746748,Red Sea / Bab el-Mandeb / Suez,0.271,0.35,5.172651004611369,6.680545577911361,6.680545577911361,,
2026-01-23,strait_of_hormuz,313.73138620848334,440,32989,3560,1552,0.009510181763875332,ok,11.260066011198292,Strait of Hormuz,0.336,0.0,3.7833821797626266,0.0,3.7833821797626266,,
2026-01-23,strait_of_malacca,49.121824278215726,75,32989,3560,1552,0.0014890364751346124,ok,51.85435917350026,Strait of Malacca,0.0,0.55,0.0,28.51989754542514,28.51989754542514,,
2026-01-23,taiwan_south_china_sea,441.3544696723197,642,32989,3560,1552,0.013378837481351956,ok,100.0,Taiwan Strait / South China Sea,0.0,0.55,0.0,55.00000000000001,55.00000000000001,,
2026-01-24,cape_of_good_hope,11.38147570883413,18,20397,2526,1194,0.0005579975343841804,ok,29.51587371964859,Cape of Good Hope,0.136,0.0,4.014158825872208,0.0,4.014158825872208,,
2026-01-24,danish_straits_baltic,299.8862061522342,464,20397,2526,1194,0.014702466350553228,ok,100.0,Danish Straits / Baltic,0.176,0.0,17.599999999999998,0.0,17.599999999999998,,
2026-01-24,red_sea_suez,102.2968292848596,149,20397,2526,1194,0.005015287997492749,ok,33.87934315873526,Red Sea / Bab el-Mandeb / Suez,0.271,0.35,9.181301996017256,11.857770105557341,11.857770105557341,,
2026-01-24,strait_of_hormuz,253.26734807119445,365,20397,2526,1194,0.012416892095464748,ok,16.798754020301317,Strait of Hormuz,0.336,0.0,5.644381350821242,0.0,5.644381350821242,,
2026-01-24,strait_of_malacca,31.32235138372256,47,20397,2526,1194,0.0015356352102624188,ok,54.30744352420951,Strait of Malacca,0.0,0.55,0.0,29.869093938315235,29.869093938315235,,
2026-01-24,taiwan_south_china_sea,307.7130688042002,468,20397,2526,1194,0.015086192518713546,ok,100.0,Taiwan Strait / South China Sea,0.0,0.55,0.0,55.00000000000001,55.00000000000001,,
2026-01-25,cape_of_good_hope,9.95781177690657,14,15144,1772,677,0.0006575417179679457,ok,37.75654025171503,Cape of Good Hope,0.136,0.0,5.134889474233245,0.0,5.134889474233245,,
2026-01-25,danish_straits_baltic,174.20661079559414,281,15144,1772,677,0.011503341970126396,ok,74.59836846499299,Danish Straits / Baltic,0.176,0.0,13.129312849838765,0.0,13.129312849838765,,
2026-01-25,red_sea_suez,64.97803390517275,92,15144,1772,677,0.004290678414234862,ok,26.808969122213927,Red Sea / Bab el-Mandeb / Suez,0.271,0.35,7.265230632119975,9.383139192774873,9.383139192774873,,
2026-01-25,strait_of_hormuz,125.96733111185304,182,15144,1772,677,0.00831796956628718,ok,9.210510475999117,Strait of Hormuz,0.336,0.0,3.0947315199357033,0.0,3.0947315199357033,,
2026-01-25,strait_of_malacca,25.69884388641893,41,15144,1772,677,0.001696965391337753,ok,63.086545214618816,Strait of Malacca,0.0,0.55,0.0,34.69759986804035,34.69759986804035,,
2026-01-25,taiwan_south_china_sea,122.45806133907067,193,15144,1772,677,0.008086242824819775,ok,55.56027667765665,Taiwan Strait / South China Sea,0.0,0.55,0.0,30.55815217271116,30.55815217271116,,
2026-01-26,cape_of_good_hope,17.49417126699512,28,26823,3448,1382,0.0006522078539684271,ok,37.29806145519732,Cape of Good Hope,0.136,0.0,5.072536357906836,0.0,5.072536357906836,,
2026-01-26,danish_straits_baltic,240.6846907795355,407,26823,3448,1382,0.008973071273889403,ok,51.39311709342586,Danish Straits / Baltic,0.176,0.0,9.04518860844295,0.0,9.04518860844295,,
2026-01-26,red_sea_suez,217.8484823338997,322,26823,3448,1382,0.00812170459433694,ok,73.30797939168164,Red Sea / Bab el-Mandeb / Suez,0.271,0.35,19.866462415145726,25.657792787088574,25.657792787088574,,
2026-01-26,strait_of_hormuz,245.00633387068237,369,26823,3448,1382,0.009134188341001468,ok,10.598945369092911,Strait of Hormuz,0.336,0.0,3.5612456440152185,0.0,3.5612456440152185,,
2026-01-26,strait_of_malacca,41.734556065088775,69,26823,3448,1382,0.0015559242465454563,ok,55.38726750829822,Strait of Malacca,0.0,0.55,0.0,30.462997129564023,30.462997129564023,,
2026-01-26,taiwan_south_china_sea,211.86863099528026,342,26823,3448,1382,0.007898767139964964,ok,53.63931187220573,Taiwan Strait / South China Sea,0.0,0.55,0.0,29.501621529713155,29.501621529713155,,
2026-01-27,cape_of_good_hope,37.44259381497549,55,32222,3734,1412,0.0011620195461167987,ok,93.13580501566395,Cape of Good Hope,0.136,0.0,12.666469482130298,0.0,12.666469482130298,,
2026-01-27,danish_straits_baltic,351.8174707066366,519,32222,3734,1412,0.010918548529161336,ok,68.98277267276988,Danish Straits / Baltic,0.176,0.0,12.140967990407498,0.0,12.140967990407498,,
2026-01-27,red_sea_suez,171.04400260839284,238,32222,3734,1412,0.005308298758872598,ok,36.89132066786052,Red Sea / Bab el-Mandeb / Suez,0.271,0.35,9.9975479009902,12.911962233751181,12.911962233751181,,
2026-01-27,strait_of_hormuz,267.26541933492786,379,32222,3734,1412,0.008294501251782256,ok,9.171558189969115,Strait of Hormuz,0.336,0.0,3.081643551829623,0.0,3.081643551829623,,
2026-01-27,strait_of_malacca,37.68740948160937,60,32222,3734,1412,0.0011696173261004708,ok,36.09881591356714,Strait of Malacca,0.0,0.55,0.0,19.854348752461927,19.854348752461927,,
2026-01-27,taiwan_south_china_sea,273.88315032774466,425,32222,3734,1412,0.00849988052658881,ok,59.87747300401883,Taiwan Strait / South China Sea,0.0,0.55,0.0,32.93261015221036,32.93261015221036,,
2026-01-28,cape_of_good_hope,16.34961035736645,27,34663,3671,1424,0.00047167326421159307,ok,22.93871647677889,Cape of Good Hope,0.136,0.0,3.119665440841929,0.0,3.119665440841929,,
2026-01-28,danish_straits_baltic,314.99533622701074,470,34663,3671,1424,0.009087365093240941,ok,52.37816121838505,Danish Straits / Baltic,0.176,0.0,9.218556374435769,0.0,9.218556374435769,,
2026-01-28,red_sea_suez,146.95583304046255,205,34663,3671,1424,0.004239558983367353,ok,26.33129320454594,Red Sea / Bab el-Mandeb / Suez,0.271,0.35,7.13578045843195,9.215952621591079,9.215952621591079,,
2026-01-28,strait_of_hormuz,367.56322929118375,537,34663,3671,1424,0.010603907027412046,ok,13.257345580460425,Strait of Hormuz,0.336,0.0,4.454468115034703,0.0,4.454468115034703,,
2026-01-28,strait_of_malacca,43.62169675946564,69,34663,3671,1424,0.0012584512811777873,ok,40.288572331321845,Strait of Malacca,0.0,0.55,0.0,22.158714782227015,22.158714782227015,,
2026-01-28,taiwan_south_china_sea,246.6316221899136,382,34663,3671,1424,0.007115126278450036,ok,45.85832100690926,Taiwan Strait / South China Sea,0.0,0.55,0.0,25.222076553800093,25.222076553800093,,
2026-01-29,cape_of_good_hope,42.87752609753583,62,32279,3443,1322,0.0013283412155747026,ok,100.0,Cape of Good Hope,0.136,0.0,13.600000000000001,0.0,13.600000000000001,,
2026-01-29,danish_straits_baltic,370.2893068884089,549,32279,3443,1322,0.011471523494792555,ok,74.289071709982,Danish Straits / Baltic,0.176,0.0,13.07487662095683,0.0,13.07487662095683,,
2026-01-29,red_sea_suez,134.39892663794316,191,32279,3443,1322,0.004163664507510863,ok,25.627412476555918,Red Sea / Bab el-Mandeb / Suez,0.271,0.35,6.945028781146655,8.96959436679457,8.96959436679457,,
2026-01-29,strait_of_hormuz,292.212146137009,426,32279,3443,1322,0.009052701327085999,ok,10.457430775747143,Strait of Hormuz,0.336,0.0,3.5136967406510404,0.0,3.5136967406510404,,
2026-01-29,strait_of_malacca,14.977708156393078,22,32279,3443,1322,0.0004640078117783413,ok,9.020180026510136,Strait of Malacca,0.0,0.55,0.0,4.961099014580575,4.961099014580575,,
2026-01-29,taiwan_south_china_sea,207.39361640857567,339,32279,3443,1322,0.006425032262727335,ok,39.351129343498755,Taiwan Strait / South China Sea,0.0,0.55,0.0,21.643121138924318,21.643121138924318,,
2026-01-30,cape_of_good_hope,36.98392546096657,56,33539,3864,1591,0.0011027140183358648,ok,86.09756444865153,Cape of Good Hope,0.136,0.0,11.709268765016608,0.0,11.709268765016608,,
2026-01-30,danish_straits_baltic,410.67367868105055,610,33539,3864,1591,0.012244660803275308,ok,81.92442872645877,Danish Straits / Baltic,0.176,0.0,14.418699455856743,0.0,14.418699455856743,,
2026-01-30,red_sea_suez,184.4244535390916,264,33539,3864,1591,0.00549880597331738,ok,38.89499858195592,Red Sea / Bab el-Mandeb / Suez,0.271,0.35,10.540544615710054,13.613249503684571,13.613249503684571,,
2026-01-30,strait_of_hormuz,346.7298017506234,495,33539,3864,1591,0.010338107926611509,ok,12.762016533556444,Strait of Hormuz,0.336,0.0,4.288037555274966,0.0,4.288037555274966,,
2026-01-30,strait_of_malacca,30.62700105172542,45,33539,3864,1591,0.000913175737252912,ok,24.903409674294835,Strait of Malacca,0.0,0.55,0.0,13.69687532086216,13.69687532086216,,
2026-01-30,taiwan_south_china_sea,392.93592960825066,608,33539,3864,1591,0.011715791454970353,ok,100.0,Taiwan Strait / South China Sea,0.0,0.55,0.0,55.00000000000001,55.00000000000001,,
2026-01-31,cape_of_good_hope,22.262370678751317,32,20164,2200,1056,0.001104065199303279,ok,86.25585891717952,Cape of Good Hope,0.136,0.0,11.730796812736417,0.0,11.730796812736417,,
2026-01-31,danish_straits_baltic,146.5869655154878,226,20164,2200,1056,0.007269736436991064,ok,37.47755774608437,Danish Straits / Baltic,0.176,0.0,6.596050163310849,0.0,6.596050163310849,,
2026-01-31,red_sea_suez,206.87180697927377,294,20164,2200,1056,0.01025946275437779,ok,100.0,Red Sea / Bab el-Mandeb / Suez,0.271,0.35,27.1,35.0,35.0,,
2026-01-31,strait_of_hormuz,237.55852717815364,348,20164,2200,1056,0.01178131953869042,ok,15.525607878707397,Strait of Hormuz,0.336,0.0,5.2166042472456855,0.0,5.2166042472456855,,
2026-01-31,strait_of_malacca,18.37033733006731,27,20164,2200,1056,0.0009110462869503725,ok,24.816351438925853,Strait of Malacca,0.0,0.55,0.0,13.648993291409221,13.648993291409221,,
2026-01-31,taiwan_south_china_sea,160.49573952263898,250,20164,2200,1056,0.007959518920979914,ok,54.25933425157271,Taiwan Strait / South China Sea,0.0,0.55,0.0,29.842633838364993,29.842633838364993,,
2026-02-01,cape_of_good_hope,6.3858653983805596,11,16041,2000,1106,0.00039809646520669285,ok,17.78646760886723,Cape of Good Hope,0.136,0.0,2.4189595948059437,0.0,2.4189595948059437,,
2026-02-01,danish_straits_baltic,223.21040854591084,321,16041,2000,1106,0.013914993363625137,ok,100.0,Danish Straits / Baltic,0.176,0.0,17.599999999999998,0.0,17.599999999999998,,
2026-02-01,red_sea_suez,159.68495228524998,227,16041,2000,1106,0.009954800341951871,ok,99.47851566579295,Red Sea / Bab el-Mandeb / Suez,0.271,0.35,26.958677745429892,34.81748048302753,34.81748048302753,,
2026-02-01,strait_of_hormuz,299.9320536640341,415,16041,2000,1106,0.018697840138646848,ok,31.041655430978377,Strait of Hormuz,0.336,0.0,10.429996224808736,0.0,10.429996224808736,,
2026-02-01,strait_of_malacca,16.004410510657824,23,16041,2000,1106,0.0009977190019735567,ok,28.440657514471656,Strait of Malacca,0.0,0.55,0.0,15.642361632959412,15.642361632959412,,
2026-02-01,taiwan_south_china_sea,160.3584022304606,235,16041,2000,1106,0.009996783381987444,ok,76.37208618033318,Taiwan Strait / South China Sea,0.0,0.55,0.0,42.004647399183256,42.004647399183256,,
2026-02-02,cape_of_good_hope,28.501557850028757,46,31063,2790,1173,0.0009175404130325067,ok,62.236480687697856,Cape of Good Hope,0.136,0.0,8.46416137352691,0.0,8.46416137352691,,
2026-02-02,danish_straits_baltic,232.032550161942,342,31063,2790,1173,0.007469740532528796,ok,39.03476399479618,Danish Straits / Baltic,0.176,0.0,6.870118463084127,0.0,6.870118463084127,,
2026-02-02,red_sea_suez,174.0072783317219,260,31063,2790,1173,0.005601753801362453,ok,39.9923746873509,Red Sea / Bab el-Mandeb / Suez,0.271,0.35,10.837933540272095,13.997331140572815,13.997331140572815,,
2026-02-02,strait_of_hormuz,235.4734285636579,338,31063,2790,1173,0.007580511494822069,ok,8.01319066170652,Strait of Hormuz,0.336,0.0,2.692432062333391,0.0,2.692432062333391,,
2026-02-02,strait_of_malacca,31.976038235842374,51,31063,2790,1173,0.0010293931119287375,ok,29.805688200980672,Strait of Malacca,0.0,0.55,0.0,16.39312851053937,16.39312851053937,,
2026-02-02,taiwan_south_china_sea,171.07652135987774,282,31063,2790,1173,0.005507404995006205,ok,31.229479992381798,Taiwan Strait / South China Sea,0.0,0.55,0.0,17.17621399580999,17.17621399580999,,
2026-02-03,cape_of_good_hope,40.956115665934306,59,35328,3362,1568,0.0011593103392757672,ok,92.81028076020954,Cape of Good Hope,0.136,0.0,12.622198183388498,0.0,12.622198183388498,,
2026-02-03,danish_straits_baltic,409.9772587364168,611,35328,3362,1568,0.011604881644486436,ok,75.58826143965526,Danish Straits / Baltic,0.176,0.0,13.303534013379323,0.0,13.303534013379323,,
2026-02-03,red_sea_suez,169.38260246882723,248,35328,3362,1568,0.004794570948506206,ok,31.667646670145068,Red Sea / Bab el-Mandeb / Suez,0.271,0.35,8.581932247609315,11.083676334550773,11.083676334550773,,
2026-02-03,strait_of_hormuz,327.2629257796618,487,35328,3362,1568,0.009263556549469594,ok,10.82491128535408,Strait of Hormuz,0.336,0.0,3.637170191878971,0.0,3.637170191878971,,
2026-02-03,strait_of_malacca,44.554399175026276,66,35328,3362,1568,0.0012611639259235245,ok,40.41890807643039,Strait of Malacca,0.0,0.55,0.0,22.230399442036717,22.230399442036717,,
2026-02-03,taiwan_south_china_sea,237.60136085214296,362,35328,3362,1568,0.006725581998758575,ok,42.14431890526596,Taiwan Strait / South China Sea,0.0,0.55,0.0,23.17937539789628,23.17937539789628,,
2026-02-04,cape_of_good_hope,32.376636628833886,49,33658,3492,1499,0.0009619299016232066,ok,66.80706017983535,Cape of Good Hope,0.136,0.0,9.085760184457607,0.0,9.085760184457607,,
2026-02-04,danish_straits_baltic,351.2324888106385,551,33658,3492,1499,0.010435334506228489,ok,64.45444092301727,Danish Straits / Baltic,0.176,0.0,11.34398160245104,0.0,11.34398160245104,,
2026-02-04,red_sea_suez,136.3587459287931,200,33658,3492,1499,0.004051302689666442,ok,24.59706024570497,Red Sea / Bab el-Mandeb / Suez,0.271,0.35,6.6658033265860475,8.608971085996739,8.608971085996739,,
2026-02-04,strait_of_hormuz,308.8689948486548,470,33658,3492,1499,0.00917668889561634,ok,10.673005256416177,Strait of Hormuz,0.336,0.0,3.586129766155836,0.0,3.586129766155836,,
2026-02-04,strait_of_malacca,29.442034687109114,49,33658,3492,1499,0.0008747410626629364,ok,23.347830836690246,Strait of Malacca,0.0,0.55,0.0,12.841306960179637,12.841306960179637,,
2026-02-04,taiwan_south_china_sea,330.7203312690654,518,33658,3492,1499,0.009825905617358887,ok,74.42230449869238,Taiwan Strait / South China Sea,0.0,0.55,0.0,40.93226747428081,40.93226747428081,,
2026-02-05,cape_of_good_hope,32.33130948563181,47,34290,3122,1195,0.0009428786668309073,ok,64.83222674169559,Cape of Good Hope,0.136,0.0,8.817182836870602,0.0,8.817182836870602,,
2026-02-05,danish_straits_baltic,322.3330725406551,475,34290,3122,1195,0.009400206256653693,ok,55.106059588919464,Danish Straits / Baltic,0.176,0.0,9.698666487649826,0.0,9.698666487649826,,
2026-02-05,red_sea_suez,83.92015730999162,118,34290,3122,1195,0.00244736533420798,ok,11.548866805062152,Red Sea / Bab el-Mandeb / Suez,0.271,0.35,3.1297429041718434,4.042103381771753,4.042103381771753,,
2026-02-05,strait_of_hormuz,256.15222431080474,397,34290,3122,1195,0.0074701727708021215,ok,7.838873928288605,Strait of Hormuz,0.336,0.0,2.6338616399049712,0.0,2.6338616399049712,,
2026-02-05,strait_of_malacca,32.09198434895306,52,34290,3122,1195,0.0009358992227749507,ok,25.838714127438806,Strait of Malacca,0.0,0.55,0.0,14.211292770091344,14.211292770091344,,
2026-02-05,taiwan_south_china_sea,200.55859046261574,311,34290,3122,1195,0.005848894443354206,ok,34.17865017067138,Taiwan Strait / South China Sea,0.0,0.55,0.0,18.798257593869263,18.798257593869263,,
2026-02-06,cape_of_good_hope,17.05252894738275,27,32071,2932,1167,0.0005317117940626345,ok,27.455013662274087,Cape of Good Hope,0.136,0.0,3.7338818580692763,0.0,3.7338818580692763,,
2026-02-06,danish_straits_baltic,330.44038898030925,483,32071,2932,1167,0.010303401483592942,ok,63.235974780563176,Danish Straits / Baltic,0.176,0.0,11.129531561379117,0.0,11.129531561379117,,
2026-02-06,red_sea_suez,105.91418173296229,153,32071,2932,1167,0.0033024907777419567,ok,18.10312651862127,Red Sea / Bab el-Mandeb / Suez,0.271,0.35,4.905947286546365,6.336094281517444,6.336094281517444,,
2026-02-06,strait_of_hormuz,290.1606440670024,426,32071,2932,1167,0.009047446106046035,ok,10.448326067917984,Strait of Hormuz,0.336,0.0,3.510637558820443,0.0,3.510637558820443,,
2026-02-06,strait_of_malacca,28.445057902973225,44,32071,2932,1167,0.0008869401609857262,ok,23.83794139114887,Strait of Malacca,0.0,0.55,0.0,13.11086776513188,13.11086776513188,,
2026-02-06,taiwan_south_china_sea,150.6921021470979,233,32071,2932,1167,0.004698702944937729,ok,24.60997745489271,Taiwan Strait / South China Sea,0.0,0.55,0.0,13.535487600190992,13.535487600190992,,
2026-02-07,cape_of_good_hope,15.969929650185628,26,18772,1871,865,0.0008507313898458145,ok,55.56430798882068,Cape of Good Hope,0.136,0.0,7.556745886479613,0.0,7.556745886479613,,
2026-02-07,danish_straits_baltic,223.36671512782465,332,18772,1871,865,0.011898930062210987,ok,78.47930548661988,Danish Straits / Baltic,0.176,0.0,13.812357765645098,0.0,13.812357765645098,,
2026-02-07,red_sea_suez,128.46469397151506,178,18772,1871,865,0.006843420731489189,ok,54.000903731075,Red Sea / Bab el-Mandeb / Suez,0.271,0.35,14.634244911121325,18.90031630587625,18.90031630587625,,
2026-02-07,strait_of_hormuz,166.14954605521288,253,18772,1871,865,0.008850924038739234,ok,10.109754989743085,Strait of Hormuz,0.336,0.0,3.3968776765536766,0.0,3.3968776765536766,,
2026-02-07,strait_of_malacca,23.56709324691534,40,18772,1871,865,0.00125543859188767,ok,40.143984757553994,Strait of Malacca,0.0,0.55,0.0,22.0791916166547,22.0791916166547,,
2026-02-07,taiwan_south_china_sea,117.87662302360731,188,18772,1871,865,0.00627938541570463,ok,38.020685391601596,Taiwan Strait / South China Sea,0.0,0.55,0.0,20.911376965380878,20.911376965380878,,
2026-02-08,cape_of_good_hope,18.55892138087644,32,15359,1829,841,0.0012083417788187017,ok,98.76002932158848,Cape of Good Hope,0.136,0.0,13.431363987736034,0.0,13.431363987736034,,
2026-02-08,danish_straits_baltic,161.45572303688732,236,15359,1829,841,0.010512124684998198,ok,65.16719655291321,Danish Straits / Baltic,0.176,0.0,11.469426593312724,0.0,11.469426593312724,,
2026-02-08,red_sea_suez,88.66964740200054,126,15359,1829,841,0.005773139358161374,ok,41.841691007234985,Red Sea / Bab el-Mandeb / Suez,0.271,0.35,11.339098262960682,14.644591852532244,14.644591852532244,,
2026-02-08,strait_of_hormuz,193.60842502676402,279,15359,1829,841,0.012605535843919788,ok,17.183027208981258,Strait of Hormuz,0.336,0.0,5.773497142217703,0.0,5.773497142217703,,
2026-02-08,strait_of_malacca,36.69355312067005,66,15359,1829,841,0.0023890587356383912,ok,100.0,Strait of Malacca,0.0,0.55,0.0,55.00000000000001,55.00000000000001,,
2026-02-08,taiwan_south_china_sea,109.44078373755934,173,15359,1829,841,0.007125514925291968,ok,45.958792819705515,Taiwan Strait / South China Sea,0.0,0.55,0.0,25.277336050838034,25.277336050838034,,
2026-02-09,cape_of_good_hope,28.833689744402054,43,28790,2698,1200,0.001001517531934771,ok,70.97330966846216,Cape of Good Hope,0.136,0.0,9.652370114910855,0.0,9.652370114910855,,
2026-02-09,danish_straits_baltic,196.69794917277608,311,28790,2698,1200,0.006832162180367352,ok,34.14526862195722,Danish Straits / Baltic,0.176,0.0,6.009567277464471,0.0,6.009567277464471,,
2026-02-09,red_sea_suez,75.69732505524246,108,28790,2698,1200,0.0026292922909080395,ok,12.860251693627568,Red Sea / Bab el-Mandeb / Suez,0.271,0.35,3.4851282089730713,4.501088092769648,4.501088092769648,,
2026-02-09,strait_of_hormuz,159.0956277077236,250,28790,2698,1200,0.005526072515030344,ok,4.98749622139666,Strait of Hormuz,0.336,0.0,1.6757987303892778,0.0,1.6757987303892778,,
2026-02-09,strait_of_malacca,36.33284133965928,61,28790,2698,1200,0.001261995183732521,ok,40.45887599975118,Strait of Malacca,0.0,0.55,0.0,22.25238179986315,22.25238179986315,,
2026-02-09,taiwan_south_china_sea,230.07546691613598,406,28790,2698,1200,0.0079915063187265,ok,54.58674552709836,Taiwan Strait / South China Sea,0.0,0.55,0.0,30.022710039904098,30.022710039904098,,
2026-02-10,cape_of_good_hope,27.561290693102094,43,33343,2754,1185,0.0008265990070810093,ok,53.21689635399991,Cape of Good Hope,0.136,0.0,7.2374979041439875,0.0,7.2374979041439875,,
2026-02-10,danish_straits_baltic,217.43934961431512,338,33343,2754,1185,0.006521289314528241,ok,31.841497556448832,Danish Straits / Baltic,0.176,0.0,5.604103569934995,0.0,5.604103569934995,,
2026-02-10,red_sea_suez,104.11475693725336,151,33343,2754,1185,0.003122537172337623,ok,16.643803970513638,Red Sea / Bab el-Mandeb / Suez,0.271,0.35,4.5104708760091965,5.825331389679773,5.825331389679773,,
2026-02-10,strait_of_hormuz,174.9973512593686,265,33343,2754,1185,0.0052483985022154156,ok,4.616341348749625,Strait of Hormuz,0.336,0.0,1.551090693179874,0.0,1.551090693179874,,
2026-02-10,strait_of_malacca,51.9096608258854,77,33343,2754,1185,0.0015568383416574814,ok,55.43608415149214,Strait of Malacca,0.0,0.55,0.0,30.489846283320677,30.489846283320677,,
2026-02-10,taiwan_south_china_sea,216.58514791077002,339,33343,2754,1185,0.006495670692822182,ok,40.001864187254945,Taiwan Strait / South China Sea,0.0,0.55,0.0,22.00102530299022,22.00102530299022,,
2026-02-11,cape_of_good_hope,29.149497658854198,45,33727,3209,1307,0.0008642778088431878,ok,56.89672474987043,Cape of Good Hope,0.136,0.0,7.737954565982379,0.0,7.737954565982379,,
2026-02-11,danish_straits_baltic,254.98650587797522,383,33727,3209,1307,0.007560307939572901,ok,39.746831245104254,Danish Straits / Baltic,0.176,0.0,6.9954422991383485,0.0,6.9954422991383485,,
2026-02-11,red_sea_suez,84.15841102289812,122,33727,3209,1307,0.0024952830380080685,ok,11.88969976249422,Red Sea / Bab el-Mandeb / Suez,0.271,0.35,3.2221086356359336,4.161394916872976,4.161394916872976,,
2026-02-11,strait_of_hormuz,232.97108501485903,350,33727,3209,1307,0.006907554333764018,ok,6.9701829089288525,Strait of Hormuz,0.336,0.0,2.341981457400095,0.0,2.341981457400095,,
2026-02-11,strait_of_malacca,28.42122359490886,44,33727,3209,1307,0.0008426846026895028,ok,22.07622720702318,Strait of Malacca,0.0,0.55,0.0,12.14192496386275,12.14192496386275,,
2026-02-11,taiwan_south_china_sea,246.7501372769991,383,33727,3209,1307,0.007316100965902663,ok,47.814956727489935,Taiwan Strait / South China Sea,0.0,0.55,0.0,26.298226200119466,26.298226200119466,,
2026-02-12,cape_of_good_hope,29.680856209916183,49,35325,3595,1384,0.0008402223980160279,ok,54.537924375197846,Cape of Good Hope,0.136,0.0,7.4171577150269075,0.0,7.4171577150269075,,
2026-02-12,danish_straits_baltic,287.9604365831007,437,35325,3595,1384,0.00815174625854496,ok,44.50094795853324,Danish Straits / Baltic,0.176,0.0,7.832166840701849,0.0,7.832166840701849,,
2026-02-12,red_sea_suez,95.57467710399197,145,35325,3595,1384,0.0027055818005376356,ok,13.424006993044307,Red Sea / Bab el-Mandeb / Suez,0.271,0.35,3.6379058951150074,4.698402447565507,4.698402447565507,,
2026-02-12,strait_of_hormuz,241.3050344220856,351,35325,3595,1384,0.006830998851297541,ok,6.8546301797946105,Strait of Hormuz,0.336,0.0,2.3031557404109892,0.0,2.3031557404109892,,
2026-02-12,strait_of_malacca,41.063754474242934,62,35325,3595,1384,0.00116245589452917,ok,35.76778062279352,Strait of Malacca,0.0,0.55,0.0,19.672279342536438,19.672279342536438,,
2026-02-12,taiwan_south_china_sea,272.91007241126744,434,35325,3595,1384,0.007725692071090373,ok,51.88601570766238,Taiwan Strait / South China Sea,0.0,0.55,0.0,28.537308639214313,28.537308639214313,,
2026-02-13,cape_of_good_hope,50.96048308806367,77,32612,3082,1292,0.0015626298015473958,ok,100.0,Cape of Good Hope,0.136,0.0,13.600000000000001,0.0,13.600000000000001,,
2026-02-13,danish_straits_baltic,305.8390361082602,457,32612,3082,1292,0.00937811345848952,ok,54.911904575709215,Danish Straits / Baltic,0.176,0.0,9.66449520532482,0.0,9.66449520532482,,
2026-02-13,red_sea_suez,102.4655199723145,151,32612,3082,1292,0.0031419575607848182,ok,16.79931750437319,Red Sea / Bab el-Mandeb / Suez,0.271,0.35,4.552615043685135,5.8797611265306156,5.8797611265306156,,
2026-02-13,strait_of_hormuz,228.91711630245953,341,32612,3082,1292,0.007019413599364023,ok,7.140176698570441,Strait of Hormuz,0.336,0.0,2.3990993707196684,0.0,2.3990993707196684,,
2026-02-13,strait_of_malacca,31.069873448615123,54,32612,3082,1292,0.0009527129108492311,ok,26.53813158482679,Strait of Malacca,0.0,0.55,0.0,14.595972371654735,14.595972371654735,,
2026-02-13,taiwan_south_china_sea,184.9281886256553,302,32612,3082,1292,0.0056705565014612816,ok,32.62742159753506,Taiwan Strait / South China Sea,0.0,0.55,0.0,17.945081878644285,17.945081878644285,,
2026-02-14,cape_of_good_hope,11.607632036362206,19,20313,2364,1036,0.0005714385879172061,ok,30.588738699945367,Cape of Good Hope,0.136,0.0,4.16006846319257,0.0,4.16006846319257,,
2026-02-14,danish_straits_baltic,278.1539437503586,410,20313,2364,1036,0.013693395547204185,ok,100.0,Danish Straits / Baltic,0.176,0.0,17.599999999999998,0.0,17.599999999999998,,
2026-02-14,red_sea_suez,92.44720002231537,135,20313,2364,1036,0.004551134742397251,ok,29.28671808417928,Red Sea / Bab el-Mandeb / Suez,0.271,0.35,7.9367006008125855,10.250351329462747,10.250351329462747,,
2026-02-14,strait_of_hormuz,191.5529240051781,282,20313,2364,1036,0.009430065672484523,ok,11.118079782112652,Strait of Hormuz,0.336,0.0,3.7356748067898513,0.0,3.7356748067898513,,
2026-02-14,strait_of_malacca,26.409038519545582,39,20313,2364,1036,0.0013001052783707765,ok,42.30532632809513,Strait of Malacca,0.0,0.55,0.0,23.26792948045232,23.26792948045232,,
2026-02-14,taiwan_south_china_sea,173.23859239901648,270,20313,2364,1036,0.008528459232955077,ok,60.17971107001352,Taiwan Strait / South China Sea,0.0,0.55,0.0,33.098841088507434,33.098841088507434,,
2026-02-15,cape_of_good_hope,32.81470711411249,55,14659,1809,1000,0.0022385365382435697,ok,100.0,Cape of Good Hope,0.136,0.0,13.600000000000001,0.0,13.600000000000001,,
2026-02-15,danish_straits_baltic,207.01709944331137,310,14659,1809,1000,0.014122184285647817,ok,100.0,Danish Straits / Baltic,0.176,0.0,17.599999999999998,0.0,17.599999999999998,,
2026-02-15,red_sea_suez,80.66273473191345,123,14659,1809,1000,0.005502608276957054,ok,38.93534811189582,Red Sea / Bab el-Mandeb / Suez,0.271,0.35,10.551479338323768,13.627371839163537,13.627371839163537,,
2026-02-15,strait_of_hormuz,171.64115642147598,265,14659,1809,1000,0.011708926694963913,ok,15.382727293231358,Strait of Hormuz,0.336,0.0,5.168596370525736,0.0,5.168596370525736,,
2026-02-15,strait_of_malacca,62.70887345445545,89,14659,1809,1000,0.004277841152497131,ok,100.0,Strait of Malacca,0.0,0.55,0.0,55.00000000000001,55.00000000000001,,
2026-02-15,taiwan_south_china_sea,103.17121758186873,160,14659,1809,1000,0.007038080195229465,ok,45.11547645385631,Taiwan Strait / South China Sea,0.0,0.55,0.0,24.81351204962097,24.81351204962097,,
2026-02-16,cape_of_good_hope,29.172460084543726,46,24499,2450,1181,0.0011907612590123567,ok,96.61255502509073,Cape of Good Hope,0.136,0.0,13.13930748341234,0.0,13.13930748341234,,
2026-02-16,danish_straits_baltic,322.74452477216516,479,24499,2450,1181,0.013173783614521619,ok,95.99494647155868,Danish Straits / Baltic,0.176,0.0,16.895110578994327,0.0,16.895110578994327,,
2026-02-16,red_sea_suez,114.18374995633974,171,24499,2450,1181,0.00466075145746111,ok,30.351145202540913,Red Sea / Bab el-Mandeb / Suez,0.271,0.35,8.225160349888588,10.622900820889319,10.622900820889319,,
2026-02-16,strait_of_hormuz,161.66979687947818,252,24499,2450,1181,0.006599036568001885,ok,6.5084640863645165,Strait of Hormuz,0.336,0.0,2.1868439330184777,0.0,2.1868439330184777,,
2026-02-16,strait_of_malacca,60.0714930933008,92,24499,2450,1181,0.00245199775881876,ok,100.0,Strait of Malacca,0.0,0.55,0.0,55.00000000000001,55.00000000000001,,
2026-02-16,taiwan_south_china_sea,197.0223236906295,311,24499,2450,1181,0.00804205574474997,ok,55.10548769202762,Taiwan Strait / South China Sea,0.0,0.55,0.0,30.308018230615193,30.308018230615193,,
2026-02-17,cape_of_good_hope,63.694911386135495,93,30017,2960,1351,0.0021219612681525634,ok,100.0,Cape of Good Hope,0.136,0.0,13.600000000000001,0.0,13.600000000000001,,
2026-02-17,danish_straits_baltic,260.77108593113445,405,30017,2960,1351,0.008687446644605872,ok,48.95888388706765,Danish Straits / Baltic,0.176,0.0,8.616763564123906,0.0,8.616763564123906,,
2026-02-17,red_sea_suez,167.94580132719418,273,30017,2960,1351,0.005595022864616523,ok,39.92031548703622,Red Sea / Bab el-Mandeb / Suez,0.271,0.35,10.818405496986816,13.972110420462677,13.972110420462677,,
2026-02-17,strait_of_hormuz,317.54239961787675,501,30017,2960,1351,0.01057875202778015,ok,13.21019918449538,Strait of Hormuz,0.336,0.0,4.438626925990448,0.0,4.438626925990448,,
2026-02-17,strait_of_malacca,28.745283806990006,44,30017,2960,1351,0.000957633467934504,ok,26.7439924258091,Strait of Malacca,0.0,0.55,0.0,14.709195834195006,14.709195834195006,,
2026-02-17,taiwan_south_china_sea,206.64094916566438,342,30017,2960,1351,0.006884130631497631,ok,43.64333058135887,Taiwan Strait / South China Sea,0.0,0.55,0.0,24.00383181974738,24.00383181974738,,
2026-02-18,cape_of_good_hope,26.221081544991492,42,33657,2934,1299,0.0007790676989925273,ok,48.693391167342206,Cape of Good Hope,0.136,0.0,6.6223011987585405,0.0,6.6223011987585405,,
2026-02-18,danish_straits_baltic,347.9275983626812,539,33657,2934,1299,0.010337451298769385,ok,63.549699017911934,Danish Straits / Baltic,0.176,0.0,11.1847470271525,0.0,11.1847470271525,,
2026-02-18,red_sea_suez,117.39937841753269,179,33657,2934,1299,0.003488111787073497,ok,19.650642671433406,Red Sea / Bab el-Mandeb / Suez,0.271,0.35,5.325324163958453,6.877724935001692,6.877724935001692,,
2026-02-18,strait_of_hormuz,213.64294073757682,338,33657,2934,1299,0.006347652516195051,ok,6.140128033491017,Strait of Hormuz,0.336,0.0,2.0630830192529817,0.0,2.0630830192529817,,
2026-02-18,strait_of_malacca,41.83649972286872,66,33657,2934,1299,0.0012430252168306362,ok,39.55006265119779,Strait of Malacca,0.0,0.55,0.0,21.752534458158788,21.752534458158788,,
2026-02-18,taiwan_south_china_sea,181.90542922899402,295,33657,2934,1299,0.0054046834010456676,ok,30.359849865391613,Taiwan Strait / South China Sea,0.0,0.55,0.0,16.69791742596539,16.69791742596539,,
2026-02-19,cape_of_good_hope,29.030328789329307,47,34190,3491,1577,0.0008490882945109479,ok,55.40341109583709,Cape of Good Hope,0.136,0.0,7.534863909033845,0.0,7.534863909033845,,
2026-02-19,danish_straits_baltic,324.0046283449352,496,34190,3491,1577,0.009476590475137034,ok,55.77909364016139,Danish Straits / Baltic,0.176,0.0,9.817120480668404,0.0,9.817120480668404,,
2026-02-19,red_sea_suez,266.1903393891226,386,34190,3491,1577,0.007785619753995981,ok,68.805039601841,Red Sea / Bab el-Mandeb / Suez,0.271,0.35,18.646165732098915,24.08176386064435,24.08176386064435,,
2026-02-19,strait_of_hormuz,439.75549303827887,649,34190,3491,1577,0.01286210860012515,ok,17.710302067048787,Strait of Hormuz,0.336,0.0,5.950661494528393,0.0,5.950661494528393,,
2026-02-19,strait_of_malacca,174.09561598521248,253,34190,3491,1577,0.0050920039773387675,ok,100.0,Strait of Malacca,0.0,0.55,0.0,55.00000000000001,55.00000000000001,,
2026-02-19,taiwan_south_china_sea,257.49151457595036,385,34190,3491,1577,0.00753119375770548,ok,49.939013967621904,Taiwan Strait / South China Sea,0.0,0.55,0.0,27.46645768219205,27.46645768219205,,
2026-02-20,cape_of_good_hope,23.235247419571046,37,32081,3435,1522,0.0007242681780359417,ok,43.647194100236156,Cape of Good Hope,0.136,0.0,5.936018397632117,0.0,5.936018397632117,,
2026-02-20,danish_straits_baltic,374.5482599754933,568,32081,3435,1522,0.011675080576524837,ok,76.27515749219687,Danish Straits / Baltic,0.176,0.0,13.424427718626648,0.0,13.424427718626648,,
2026-02-20,red_sea_suez,126.12786680943104,179,32081,3435,1522,0.003931544116749198,ok,23.51450800194841,Red Sea / Bab el-Mandeb / Suez,0.271,0.35,6.372431668528019,8.230077800681944,8.230077800681944,,
2026-02-20,strait_of_hormuz,358.51287665229347,533,32081,3435,1522,0.011175240068959617,ok,14.34309921539356,Strait of Hormuz,0.336,0.0,4.819281336372236,0.0,4.819281336372236,,
2026-02-20,strait_of_malacca,99.8823162763657,164,32081,3435,1522,0.0031134414848778312,ok,100.0,Strait of Malacca,0.0,0.55,0.0,55.00000000000001,55.00000000000001,,
2026-02-20,taiwan_south_china_sea,320.8069280461748,508,32081,3435,1522,0.009999904243825778,ok,76.40785248455758,Taiwan Strait / South China Sea,0.0,0.55,0.0,42.024318866506675,42.024318866506675,,
2026-02-21,cape_of_good_hope,28.040648546479332,43,18773,2314,936,0.0014936690218121415,ok,100.0,Cape of Good Hope,0.136,0.0,13.600000000000001,0.0,13.600000000000001,,
2026-02-21,danish_straits_baltic,182.07153031827644,270,18773,2314,936,0.009698584686426062,ok,57.75051037502875,Danish Straits / Baltic,0.176,0.0,10.16408982600506,0.0,10.16408982600506,,
2026-02-21,red_sea_suez,75.31203074595123,107,18773,2314,936,0.004011720595853152,ok,24.237464361547982,Red Sea / Bab el-Mandeb / Suez,0.271,0.35,6.568352841979504,8.483112526541793,8.483112526541793,,
2026-02-21,strait_of_hormuz,277.1613763091039,392,18773,2314,936,0.014763829771965263,ok,21.77991868320349,Strait of Hormuz,0.336,0.0,7.3180526775563735,0.0,7.3180526775563735,,
2026-02-21,strait_of_malacca,24.209983554219548,40,18773,2314,936,0.0012896171924689473,ok,41.79443788342268,Strait of Malacca,0.0,0.55,0.0,22.986940835882475,22.986940835882475,,
2026-02-21,taiwan_south_china_sea,157.02591349067657,235,18773,2314,936,0.008364454988050742,ok,58.45217881628777,Taiwan Strait / South China Sea,0.0,0.55,0.0,32.14869834895828,32.14869834895828,,
2026-02-22,cape_of_good_hope,12.292285625236325,19,15066,2351,1047,0.000815895766974401,ok,52.18662889507849,Cape of Good Hope,0.136,0.0,7.097381529730676,0.0,7.097381529730676,,
2026-02-22,danish_straits_baltic,243.6488682477566,363,15066,2351,1047,0.016172100640366165,ok,100.0,Danish Straits / Baltic,0.176,0.0,17.599999999999998,0.0,17.599999999999998,,
2026-02-22,red_sea_suez,121.3000321367348,178,15066,2351,1047,0.008051243338426576,ok,72.35605740657233,Red Sea / Bab el-Mandeb / Suez,0.271,0.35,19.608491557181104,25.324620092300314,25.324620092300314,,
2026-02-22,strait_of_hormuz,314.5247568309837,442,15066,2351,1047,0.020876460695007544,ok,36.6220809726698,Strait of Hormuz,0.336,0.0,12.305019206817054,0.0,12.305019206817054,,
2026-02-22,strait_of_malacca,42.17700507666295,62,15066,2351,1047,0.0027994826149384676,ok,100.0,Strait of Malacca,0.0,0.55,0.0,55.00000000000001,55.00000000000001,,
2026-02-22,taiwan_south_china_sea,109.77472681959324,170,15066,2351,1047,0.00728625559668082,ok,47.52267016635807,Taiwan Strait / South China Sea,0.0,0.55,0.0,26.13746859149694,26.13746859149694,,
2026-02-23,cape_of_good_hope,25.9888369575153,43,29158,3399,1342,0.0008913106851469682,ok,59.58691388439751,Cape of Good Hope,0.136,0.0,8.103820288278062,0.0,8.103820288278062,,
2026-02-23,danish_straits_baltic,343.11216249531213,512,29158,3399,1342,0.011767342152936146,ok,77.18108069175726,Danish Straits / Baltic,0.176,0.0,13.583870201749276,0.0,13.583870201749276,,
2026-02-23,red_sea_suez,121.36571654524663,190,29158,3399,1342,0.004162347093259024,ok,25.615250384388393,Red Sea / Bab el-Mandeb / Suez,0.271,0.35,6.941732854169255,8.965337634535937,8.965337634535937,,
2026-02-23,strait_of_hormuz,262.6037384433765,403,29158,3399,1342,0.009006232884401418,ok,10.377015597731768,Strait of Hormuz,0.336,0.0,3.4866772408378743,0.0,3.4866772408378743,,
2026-02-23,strait_of_malacca,40.838241277209164,65,29158,3399,1342,0.001400584446025419,ok,47.303275645795736,Strait of Malacca,0.0,0.55,0.0,26.016801605187656,26.016801605187656,,
2026-02-23,taiwan_south_china_sea,214.96612382436345,337,29158,3399,1342,0.0073724577757172454,ok,48.36850591758592,Taiwan Strait / South China Sea,0.0,0.55,0.0,26.60267825467226,26.60267825467226,,
2026-02-24,cape_of_good_hope,41.66871003626097,60,33867,3759,1852,0.0012303631864724058,ok,100.0,Cape of Good Hope,0.136,0.0,13.600000000000001,0.0,13.600000000000001,,
2026-02-24,danish_straits_baltic,649.7084007411866,934,33867,3759,1852,0.019184114351468586,ok,100.0,Danish Straits / Baltic,0.176,0.0,17.599999999999998,0.0,17.599999999999998,,
2026-02-24,red_sea_suez,133.33262377853978,200,33867,3759,1852,0.003936948173104786,ok,23.563007031676715,Red Sea / Bab el-Mandeb / Suez,0.271,0.35,6.385574905584391,8.24705246108685,8.24705246108685,,
2026-02-24,strait_of_hormuz,413.1034172702746,610,33867,3759,1852,0.012197815492080035,ok,16.35613927553619,Strait of Hormuz,0.336,0.0,5.49566279658016,0.0,5.49566279658016,,
2026-02-24,strait_of_malacca,27.934042146709352,43,33867,3759,1852,0.0008248159608677873,ok,21.377792216808928,Strait of Malacca,0.0,0.55,0.0,11.757785719244911,11.757785719244911,,
2026-02-24,taiwan_south_china_sea,332.01162916723763,501,33867,3759,1852,0.00980339649709858,ok,74.16672181846681,Taiwan Strait / South China Sea,0.0,0.55,0.0,40.79169700015675,40.79169700015675,,
2026-02-25,cape_of_good_hope,42.927088389608244,67,33366,4051,1817,0.0012865518308939712,ok,100.0,Cape of Good Hope,0.136,0.0,13.600000000000001,0.0,13.600000000000001,,
2026-02-25,danish_straits_baltic,462.8095933070851,689,33366,4051,1817,0.01387069451858434,ok,100.0,Danish Straits / Baltic,0.176,0.0,17.599999999999998,0.0,17.599999999999998,,
2026-02-25,red_sea_suez,115.92855959903348,170,33366,4051,1817,0.0034744518251823256,ok,19.535323521148083,Red Sea / Bab el-Mandeb / Suez,0.271,0.35,5.294072674231131,6.837363232401828,6.837363232401828,,
2026-02-25,strait_of_hormuz,453.68798651017585,701,33366,4051,1817,0.01359731422736246,ok,19.250295978817665,Strait of Hormuz,0.336,0.0,6.468099448882736,0.0,6.468099448882736,,
2026-02-25,strait_of_malacca,38.0619989135487,60,33366,4051,1817,0.001140742040207058,ok,34.77029999257786,Strait of Malacca,0.0,0.55,0.0,19.123664995917824,19.123664995917824,,
2026-02-25,taiwan_south_china_sea,282.95202170575874,437,33366,4051,1817,0.008480250006166718,ok,59.6701617903493,Taiwan Strait / South China Sea,0.0,0.55,0.0,32.81858898469211,32.81858898469211,,
2026-02-26,cape_of_good_hope,29.66698843984887,47,34044,4056,1880,0.0008714307496137019,ok,57.60451766148569,Cape of Good Hope,0.136,0.0,7.834214401962054,0.0,7.834214401962054,,
2026-02-26,danish_straits_baltic,374.20100478851504,573,34044,4056,1880,0.010991687368949449,ok,69.67706271467165,Danish Straits / Baltic,0.176,0.0,12.26316303778221,0.0,12.26316303778221,,
2026-02-26,red_sea_suez,234.41873074539043,373,34044,4056,1880,0.006885757570949079,ok,57.22793271309069,Red Sea / Bab el-Mandeb / Suez,0.271,0.35,15.508769765247578,20.02977644958174,20.02977644958174,,
2026-02-26,strait_of_hormuz,570.3105285618165,870,34044,4056,1880,0.016752159809711446,ok,26.32472974670572,Strait of Hormuz,0.336,0.0,8.845109194893123,0.0,8.845109194893123,,
2026-02-26,strait_of_malacca,21.28274093301259,33,34044,4056,1880,0.0006251539458645456,ok,14.106125136943445,Strait of Malacca,0.0,0.55,0.0,7.758368825318896,7.758368825318896,,
2026-02-26,taiwan_south_china_sea,265.85145851033195,414,34044,4056,1880,0.007809054708915872,ok,52.72807662225214,Taiwan Strait / South China Sea,0.0,0.55,0.0,29.00044214223868,29.00044214223868,,
2026-02-27,cape_of_good_hope,37.977529259122974,59,32317,3803,1817,0.001175156396296778,ok,94.71963719673006,Cape of Good Hope,0.136,0.0,12.88187065875529,0.0,12.88187065875529,,
2026-02-27,danish_straits_baltic,377.0025100556984,550,32317,3803,1817,0.011665764460058124,ok,76.18388020199653,Danish Straits / Baltic,0.176,0.0,13.408362915551388,0.0,13.408362915551388,,
2026-02-27,red_sea_suez,177.85786428503445,252,32317,3803,1817,0.005503538827398411,ok,38.94522511075144,Red Sea / Bab el-Mandeb / Suez,0.271,0.35,10.55415600501364,13.630828788763003,13.630828788763003,,
2026-02-27,strait_of_hormuz,520.9069094753454,753,32317,3803,1817,0.016118665392064406,ok,24.845705323321273,Strait of Hormuz,0.336,0.0,8.348156988635948,0.0,8.348156988635948,,
2026-02-27,strait_of_malacca,37.89718658686826,59,32317,3803,1817,0.0011726703155264492,ok,36.2402483136131,Strait of Malacca,0.0,0.55,0.0,19.932136572487206,19.932136572487206,,
2026-02-27,taiwan_south_china_sea,314.2396203483001,456,32317,3803,1817,0.009723663098316678,ok,73.26374023255262,Taiwan Strait / South China Sea,0.0,0.55,0.0,40.295057127903945,40.295057127903945,,
2026-02-28,cape_of_good_hope,29.8906085160468,49,20711,4617,3382,0.0014432238190356236,ok,100.0,Cape of Good Hope,0.136,0.0,13.600000000000001,0.0,13.600000000000001,,
2026-02-28,danish_straits_baltic,346.82834139197695,513,20711,4617,3382,0.016746093447538843,ok,100.0,Danish Straits / Baltic,0.176,0.0,17.599999999999998,0.0,17.599999999999998,,
2026-02-28,red_sea_suez,564.945172491629,871,20711,4617,3382,0.027277542006258947,ok,100.0,Red Sea / Bab el-Mandeb / Suez,0.271,0.35,27.1,35.0,35.0,,
2026-02-28,strait_of_hormuz,1945.762145704443,2934,20711,4617,3382,0.0939482471007891,ok,100.0,Strait of Hormuz,0.336,0.0,33.6,0.0,33.6,,
2026-02-28,strait_of_malacca,34.61072460536504,51,20711,4617,3382,0.0016711276425747208,ok,61.65122376852049,Strait of Malacca,0.0,0.55,0.0,33.908173072686274,33.908173072686274,,
2026-02-28,taiwan_south_china_sea,301.3453879499081,435,20711,4617,3382,0.01455001631741143,ok,100.0,Taiwan Strait / South China Sea,0.0,0.55,0.0,55.00000000000001,55.00000000000001,,
2026-03-01,cape_of_good_hope,14.03303625981633,21,16151,4149,3351,0.000868864854177223,ok,57.3502834970005,Cape of Good Hope,0.136,0.0,7.799638555592068,0.0,7.799638555592068,,
2026-03-01,danish_straits_baltic,375.47891414856736,546,16151,4149,3351,0.023248028861901266,ok,100.0,Danish Straits / Baltic,0.176,0.0,17.599999999999998,0.0,17.599999999999998,,
2026-03-01,red_sea_suez,662.7553130367188,954,16151,4149,3351,0.041034939820241395,ok,100.0,Red Sea / Bab el-Mandeb / Suez,0.271,0.35,27.1,35.0,35.0,,
2026-03-01,strait_of_hormuz,2080.6596492456783,3076,16151,4149,3351,0.128825438006667,ok,100.0,Strait of Hormuz,0.336,0.0,33.6,0.0,33.6,,
2026-03-01,strait_of_malacca,40.89786066319396,64,16151,4149,3351,0.00253221847954888,ok,100.0,Strait of Malacca,0.0,0.55,0.0,55.00000000000001,55.00000000000001,,
2026-03-01,taiwan_south_china_sea,272.61317580376146,398,16151,4149,3351,0.016879027664154632,ok,100.0,Taiwan Strait / South China Sea,0.0,0.55,0.0,55.00000000000001,55.00000000000001,,
2026-03-02,cape_of_good_hope,23.352088027511037,37,29908,6032,4803,0.0007807973795476474,ok,48.85564422265,Cape of Good Hope,0.136,0.0,6.644367614280401,0.0,6.644367614280401,,
2026-03-02,danish_straits_baltic,505.8279580842944,734,29908,6032,4803,0.01691279784954843,ok,100.0,Danish Straits / Baltic,0.176,0.0,17.599999999999998,0.0,17.599999999999998,,
2026-03-02,red_sea_suez,887.813036249527,1270,29908,6032,4803,0.029684801265531868,ok,100.0,Red Sea / Bab el-Mandeb / Suez,0.271,0.35,27.1,35.0,35.0,,
2026-03-02,strait_of_hormuz,2963.128900553546,4365,29908,6032,4803,0.09907479271611429,ok,100.0,Strait of Hormuz,0.336,0.0,33.6,0.0,33.6,,
2026-03-02,strait_of_malacca,100.53243464107112,151,29908,6032,4803,0.0033613894155768063,ok,100.0,Strait of Malacca,0.0,0.55,0.0,55.00000000000001,55.00000000000001,,
2026-03-02,taiwan_south_china_sea,511.6315047160407,750,29908,6032,4803,0.0171068444802742,ok,100.0,Taiwan Strait / South China Sea,0.0,0.55,0.0,55.00000000000001,55.00000000000001,,
2026-03-03,cape_of_good_hope,37.92787349996069,58,32752,6301,4754,0.001158032288103343,ok,92.65684868931258,Cape of Good Hope,0.136,0.0,12.601331421746512,0.0,12.601331421746512,,
2026-03-03,danish_straits_baltic,476.2930860627039,688,32752,6301,4754,0.014542412251548115,ok,100.0,Danish Straits / Baltic,0.176,0.0,17.599999999999998,0.0,17.599999999999998,,
2026-03-03,red_sea_suez,1104.5651123930793,1559,32752,6301,4754,0.03372511945508913,ok,100.0,Red Sea / Bab el-Mandeb / Suez,0.271,0.35,27.1,35.0,35.0,,
2026-03-03,strait_of_hormuz,2913.874595091977,4272,32752,6301,4754,0.08896783692879753,ok,100.0,Strait of Hormuz,0.336,0.0,33.6,0.0,33.6,,
2026-03-03,strait_of_malacca,104.92820087215266,159,32752,6301,4754,0.003203718883492692,ok,100.0,Strait of Malacca,0.0,0.55,0.0,55.00000000000001,55.00000000000001,,
2026-03-03,taiwan_south_china_sea,510.94621977519483,752,32752,6301,4754,0.015600458591084356,ok,100.0,Taiwan Strait / South China Sea,0.0,0.55,0.0,55.00000000000001,55.00000000000001,,
2026-03-04,cape_of_good_hope,67.38978929769719,100,34881,6592,4708,0.001931991321857091,ok,100.0,Cape of Good Hope,0.136,0.0,13.600000000000001,0.0,13.600000000000001,,
2026-03-04,danish_straits_baltic,466.7663441053246,673,34881,6592,4708,0.013381678968645526,ok,98.27623099461593,Danish Straits / Baltic,0.176,0.0,17.296616655052404,0.0,17.296616655052404,,
2026-03-04,red_sea_suez,835.0647017389883,1203,34881,6592,4708,0.023940388800177414,ok,100.0,Red Sea / Bab el-Mandeb / Suez,0.271,0.35,27.1,35.0,35.0,,
2026-03-04,strait_of_hormuz,2821.257625105889,4134,34881,6592,4708,0.08088236074384017,ok,100.0,Strait of Hormuz,0.336,0.0,33.6,0.0,33.6,,
2026-03-04,strait_of_malacca,101.60612274105708,156,34881,6592,4708,0.002912936060923055,ok,100.0,Strait of Malacca,0.0,0.55,0.0,55.00000000000001,55.00000000000001,,
2026-03-04,taiwan_south_china_sea,447.6238441349368,676,34881,6592,4708,0.012832884496858944,ok,100.0,Taiwan Strait / South China Sea,0.0,0.55,0.0,55.00000000000001,55.00000000000001,,
2026-03-05,cape_of_good_hope,56.17823273057594,86,34026,5844,4134,0.0016510384038845572,ok,100.0,Cape of Good Hope,0.136,0.0,13.600000000000001,0.0,13.600000000000001,,
2026-03-05,danish_straits_baltic,491.3260656650069,705,34026,5844,4134,0.014439724494945246,ok,100.0,Danish Straits / Baltic,0.176,0.0,17.599999999999998,0.0,17.599999999999998,,
2026-03-05,red_sea_suez,559.6635600976691,805,34026,5844,4134,0.01644811497377503,ok,100.0,Red Sea / Bab el-Mandeb / Suez,0.271,0.35,27.1,35.0,35.0,,
2026-03-05,strait_of_hormuz,2328.4443719784704,3381,34026,5844,4134,0.06843132816018546,ok,100.0,Strait of Hormuz,0.336,0.0,33.6,0.0,33.6,,
2026-03-05,strait_of_malacca,134.1664496688157,205,34026,5844,4134,0.003943056770376056,ok,100.0,Strait of Malacca,0.0,0.55,0.0,55.00000000000001,55.00000000000001,,
2026-03-05,taiwan_south_china_sea,519.2295820454714,791,34026,5844,4134,0.015259789045008857,ok,100.0,Taiwan Strait / South China Sea,0.0,0.55,0.0,55.00000000000001,55.00000000000001,,
2026-03-06,cape_of_good_hope,80.23146699487116,132,32773,5324,3759,0.002448096512216494,ok,100.0,Cape of Good Hope,0.136,0.0,13.600000000000001,0.0,13.600000000000001,,
2026-03-06,danish_straits_baltic,528.8350629372828,798,32773,5324,3759,0.0161363031439686,ok,100.0,Danish Straits / Baltic,0.176,0.0,17.599999999999998,0.0,17.599999999999998,,
2026-03-06,red_sea_suez,431.3239304778065,634,32773,5324,3759,0.013160953543398728,ok,100.0,Red Sea / Bab el-Mandeb / Suez,0.271,0.35,27.1,35.0,35.0,,
2026-03-06,strait_of_hormuz,2058.4175535881923,3079,32773,5324,3759,0.06280833471419132,ok,100.0,Strait of Hormuz,0.336,0.0,33.6,0.0,33.6,,
2026-03-06,strait_of_malacca,147.63342944485012,222,32773,5324,3759,0.004504727350100697,ok,100.0,Strait of Malacca,0.0,0.55,0.0,55.00000000000001,55.00000000000001,,
2026-03-06,taiwan_south_china_sea,533.2982132934422,820,32773,5324,3759,0.016272486903653686,ok,100.0,Taiwan Strait / South China Sea,0.0,0.55,0.0,55.00000000000001,55.00000000000001,,
2026-03-07,cape_of_good_hope,29.437580206665526,47,19342,3615,2753,0.0015219512049770203,ok,100.0,Cape of Good Hope,0.136,0.0,13.600000000000001,0.0,13.600000000000001,,
2026-03-07,danish_straits_baltic,466.60887344213563,682,19342,3615,2753,0.024124127465729273,ok,100.0,Danish Straits / Baltic,0.176,0.0,17.599999999999998,0.0,17.599999999999998,,
2026-03-07,red_sea_suez,554.4361284129137,786,19342,3615,2753,0.028664881005734347,ok,100.0,Red Sea / Bab el-Mandeb / Suez,0.271,0.35,27.1,35.0,35.0,,
2026-03-07,strait_of_hormuz,1667.872443787586,2439,19342,3615,2753,0.08623060923314993,ok,100.0,Strait of Hormuz,0.336,0.0,33.6,0.0,33.6,,
2026-03-07,strait_of_malacca,39.157421768934434,56,19342,3615,2753,0.0020244763607142197,ok,86.31487206816062,Strait of Malacca,0.0,0.55,0.0,47.47317963748835,47.47317963748835,,
2026-03-07,taiwan_south_china_sea,311.22180312419584,448,19342,3615,2753,0.016090466504197903,ok,100.0,Taiwan Strait / South China Sea,0.0,0.55,0.0,55.00000000000001,55.00000000000001,,
2026-03-08,cape_of_good_hope,27.61484886487453,44,16068,3164,2376,0.0017186239024691644,ok,100.0,Cape of Good Hope,0.136,0.0,13.600000000000001,0.0,13.600000000000001,,
2026-03-08,danish_straits_baltic,337.8158473465191,480,16068,3164,2376,0.021024137873196357,ok,100.0,Danish Straits / Baltic,0.176,0.0,17.599999999999998,0.0,17.599999999999998,,
2026-03-08,red_sea_suez,439.2140364672974,618,16068,3164,2376,0.02733470478387462,ok,100.0,Red Sea / Bab el-Mandeb / Suez,0.271,0.35,27.1,35.0,35.0,,
2026-03-08,strait_of_hormuz,1389.5198799625864,2029,16068,3164,2376,0.08647746327872706,ok,100.0,Strait of Hormuz,0.336,0.0,33.6,0.0,33.6,,
2026-03-08,strait_of_malacca,65.32186893511302,96,16068,3164,2376,0.0040653391171964785,ok,100.0,Strait of Malacca,0.0,0.55,0.0,55.00000000000001,55.00000000000001,,
2026-03-08,taiwan_south_china_sea,296.90659013984117,429,16068,3164,2376,0.01847812983195427,ok,100.0,Taiwan Strait / South China Sea,0.0,0.55,0.0,55.00000000000001,55.00000000000001,,
2026-03-09,cape_of_good_hope,31.811512013355205,49,30213,5482,3904,0.001052908086365313,ok,76.50554536544527,Cape of Good Hope,0.136,0.0,10.404754169700558,0.0,10.404754169700558,,
2026-03-09,danish_straits_baltic,632.8697106157384,907,30213,5482,3904,0.020946933790611275,ok,100.0,Danish Straits / Baltic,0.176,0.0,17.599999999999998,0.0,17.599999999999998,,
2026-03-09,red_sea_suez,722.786034165907,1012,30213,5482,3904,0.023923014403267037,ok,100.0,Red Sea / Bab el-Mandeb / Suez,0.271,0.35,27.1,35.0,35.0,,
2026-03-09,strait_of_hormuz,2378.310783555235,3402,30213,5482,3904,0.07871812741386937,ok,100.0,Strait of Hormuz,0.336,0.0,33.6,0.0,33.6,,
2026-03-09,strait_of_malacca,71.95710513019175,109,30213,5482,3904,0.0023816603822921175,ok,100.0,Strait of Malacca,0.0,0.55,0.0,55.00000000000001,55.00000000000001,,
2026-03-09,taiwan_south_china_sea,613.1120007797501,879,30213,5482,3904,0.020292986488589352,ok,100.0,Taiwan Strait / South China Sea,0.0,0.55,0.0,55.00000000000001,55.00000000000001,,
2026-03-10,cape_of_good_hope,21.565982790780666,32,33141,5372,3668,0.0006507342201738229,ok,37.17172299235319,Cape of Good Hope,0.136,0.0,5.055354326960034,0.0,5.055354326960034,,
2026-03-10,danish_straits_baltic,574.8916136303571,826,33141,5372,3668,0.017346839673828707,ok,100.0,Danish Straits / Baltic,0.176,0.0,17.599999999999998,0.0,17.599999999999998,,
2026-03-10,red_sea_suez,578.8818923730394,797,33141,5372,3668,0.0174672427619275,ok,100.0,Red Sea / Bab el-Mandeb / Suez,0.271,0.35,27.1,35.0,35.0,,
2026-03-10,strait_of_hormuz,2206.0354556911157,3177,33141,5372,3668,0.06656514455481476,ok,100.0,Strait of Hormuz,0.336,0.0,33.6,0.0,33.6,,
2026-03-10,strait_of_malacca,75.73244863958423,120,33141,5372,3668,0.0022851588256113044,ok,100.0,Strait of Malacca,0.0,0.55,0.0,55.00000000000001,55.00000000000001,,
2026-03-10,taiwan_south_china_sea,426.1799199949589,620,33141,5372,3668,0.012859597477292746,ok,100.0,Taiwan Strait / South China Sea,0.0,0.55,0.0,55.00000000000001,55.00000000000001,,
2026-03-11,cape_of_good_hope,42.937528671406085,67,34396,5177,3555,0.0012483291275557067,ok,100.0,Cape of Good Hope,0.136,0.0,13.600000000000001,0.0,13.600000000000001,,
2026-03-11,danish_straits_baltic,522.2486355443317,755,34396,5177,3555,0.015183411895113725,ok,100.0,Danish Straits / Baltic,0.176,0.0,17.599999999999998,0.0,17.599999999999998,,
2026-03-11,red_sea_suez,465.4415018888706,666,34396,5177,3555,0.01353184968859375,ok,100.0,Red Sea / Bab el-Mandeb / Suez,0.271,0.35,27.1,35.0,35.0,,
2026-03-11,strait_of_hormuz,2056.370223647404,2986,34396,5177,3555,0.059785155938115016,ok,100.0,Strait of Hormuz,0.336,0.0,33.6,0.0,33.6,,
2026-03-11,strait_of_malacca,51.377184811600536,82,34396,5177,3555,0.00149369649993024,ok,52.097971298154754,Strait of Malacca,0.0,0.55,0.0,28.653884213985116,28.653884213985116,,
2026-03-11,taiwan_south_china_sea,358.6581267402707,536,34396,5177,3555,0.010427320814637478,ok,85.42650407421122,Taiwan Strait / South China Sea,0.0,0.55,0.0,46.98457724081618,46.98457724081618,,
2026-03-12,cape_of_good_hope,39.4497330798047,58,34142,5429,3733,0.0011554605201747027,ok,92.3483604479783,Cape of Good Hope,0.136,0.0,12.55937702092505,0.0,12.55937702092505,,
2026-03-12,danish_straits_baltic,509.9462112264745,731,34142,5429,3733,0.014936038053613569,ok,100.0,Danish Straits / Baltic,0.176,0.0,17.599999999999998,0.0,17.599999999999998,,
2026-03-12,red_sea_suez,481.1722154254482,678,34142,5429,3733,0.01409326388101014,ok,100.0,Red Sea / Bab el-Mandeb / Suez,0.271,0.35,27.1,35.0,35.0,,
2026-03-12,strait_of_hormuz,2123.064986040808,3139,34142,5429,3733,0.06218338076389222,ok,100.0,Strait of Hormuz,0.336,0.0,33.6,0.0,33.6,,
2026-03-12,strait_of_malacca,77.5556942736803,123,34142,5429,3733,0.00227156271670319,ok,100.0,Strait of Malacca,0.0,0.55,0.0,55.00000000000001,55.00000000000001,,
2026-03-12,taiwan_south_china_sea,463.41984266081823,690,34142,5429,3733,0.013573306855509877,ok,100.0,Taiwan Strait / South China Sea,0.0,0.55,0.0,55.00000000000001,55.00000000000001,,
2026-03-13,cape_of_good_hope,34.901299043338014,54,31653,5938,4006,0.0011026221540877015,ok,86.08680582515433,Cape of Good Hope,0.136,0.0,11.70780559222099,0.0,11.70780559222099,,
2026-03-13,danish_straits_baltic,633.7477463522711,914,31653,5938,4006,0.02002172768307178,ok,100.0,Danish Straits / Baltic,0.176,0.0,17.599999999999998,0.0,17.599999999999998,,
2026-03-13,red_sea_suez,526.0925149825484,729,31653,5938,4006,0.016620620951649085,ok,100.0,Red Sea / Bab el-Mandeb / Suez,0.271,0.35,27.1,35.0,35.0,,
2026-03-13,strait_of_hormuz,2387.166707311216,3487,31653,5938,4006,0.07541676009576395,ok,100.0,Strait of Hormuz,0.336,0.0,33.6,0.0,33.6,,
2026-03-13,strait_of_malacca,83.00098213486015,129,31653,5938,4006,0.002622215339299913,ok,100.0,Strait of Malacca,0.0,0.55,0.0,55.00000000000001,55.00000000000001,,
2026-03-13,taiwan_south_china_sea,374.4998798285906,551,31653,5938,4006,0.011831418185593487,ok,100.0,Taiwan Strait / South China Sea,0.0,0.55,0.0,55.00000000000001,55.00000000000001,,
2026-03-14,cape_of_good_hope,31.86997086488901,45,18296,3559,2596,0.0017419092077442615,ok,100.0,Cape of Good Hope,0.136,0.0,13.600000000000001,0.0,13.600000000000001,,
2026-03-14,danish_straits_baltic,370.5166305205873,530,18296,3559,2596,0.020251236910832273,ok,100.0,Danish Straits / Baltic,0.176,0.0,17.599999999999998,0.0,17.599999999999998,,
2026-03-14,red_sea_suez,318.69818134744975,454,18296,3559,2596,0.0174190086001011,ok,100.0,Red Sea / Bab el-Mandeb / Suez,0.271,0.35,27.1,35.0,35.0,,
2026-03-14,strait_of_hormuz,1530.8346207662805,2209,18296,3559,2596,0.08367045369295369,ok,100.0,Strait of Hormuz,0.336,0.0,33.6,0.0,33.6,,
2026-03-14,strait_of_malacca,27.06738611171383,43,18296,3559,2596,0.0014794155067617966,ok,51.352609452921314,Strait of Malacca,0.0,0.55,0.0,28.243935199106726,28.243935199106726,,
2026-03-14,taiwan_south_china_sea,425.1740831328837,618,18296,3559,2596,0.023238635938614107,ok,100.0,Taiwan Strait / South China Sea,0.0,0.55,0.0,55.00000000000001,55.00000000000001,,
2026-03-15,cape_of_good_hope,22.39663109924459,33,15428,3281,2385,0.0014516872633682,ok,100.0,Cape of Good Hope,0.136,0.0,13.600000000000001,0.0,13.600000000000001,,
2026-03-15,danish_straits_baltic,354.5629511835927,501,15428,3281,2385,0.02298178319831428,ok,100.0,Danish Straits / Baltic,0.176,0.0,17.599999999999998,0.0,17.599999999999998,,
2026-03-15,red_sea_suez,331.12172709521894,465,15428,3281,2385,0.021462388326109604,ok,100.0,Red Sea / Bab el-Mandeb / Suez,0.271,0.35,27.1,35.0,35.0,,
2026-03-15,strait_of_hormuz,1427.057443806431,2078,15428,3281,2385,0.09249788979818713,ok,100.0,Strait of Hormuz,0.336,0.0,33.6,0.0,33.6,,
2026-03-15,strait_of_malacca,30.20169637014869,44,15428,3281,2385,0.0019575898606526243,ok,82.07277665811532,Strait of Malacca,0.0,0.55,0.0,45.14002716196343,45.14002716196343,,
2026-03-15,taiwan_south_china_sea,402.08346156353895,567,15428,3281,2385,0.026061930358020412,ok,100.0,Taiwan Strait / South China Sea,0.0,0.55,0.0,55.00000000000001,55.00000000000001,,
2026-03-16,cape_of_good_hope,56.27323849090263,81,31353,5659,3450,0.0017948278790196354,ok,100.0,Cape of Good Hope,0.136,0.0,13.600000000000001,0.0,13.600000000000001,,
2026-03-16,danish_straits_baltic,476.83194741586544,699,31353,5659,3450,0.01520849511740074,ok,100.0,Danish Straits / Baltic,0.176,0.0,17.599999999999998,0.0,17.599999999999998,,
2026-03-16,red_sea_suez,452.92162371029946,637,31353,5659,3450,0.014445878343708718,ok,100.0,Red Sea / Bab el-Mandeb / Suez,0.271,0.35,27.1,35.0,35.0,,
2026-03-16,strait_of_hormuz,1872.160713219,2749,31353,5659,3450,0.059712330980097594,ok,100.0,Strait of Hormuz,0.336,0.0,33.6,0.0,33.6,,
2026-03-16,strait_of_malacca,79.81117159412858,124,31353,5659,3450,0.002545567301187401,ok,100.0,Strait of Malacca,0.0,0.55,0.0,55.00000000000001,55.00000000000001,,
2026-03-16,taiwan_south_china_sea,749.6517305508027,1088,31353,5659,3450,0.023910047859879522,ok,100.0,Taiwan Strait / South China Sea,0.0,0.55,0.0,55.00000000000001,55.00000000000001,,
2026-03-17,cape_of_good_hope,31.789215778104552,48,32665,5659,3705,0.0009731889110088643,ok,67.9834110309174,Cape of Good Hope,0.136,0.0,9.245743900204767,0.0,9.245743900204767,,
2026-03-17,danish_straits_baltic,561.7556477653909,808,32665,5659,3705,0.017197478884597914,ok,100.0,Danish Straits / Baltic,0.176,0.0,17.599999999999998,0.0,17.599999999999998,,
2026-03-17,red_sea_suez,479.4755356970059,671,32665,5659,3705,0.014678571428042428,ok,100.0,Red Sea / Bab el-Mandeb / Suez,0.271,0.35,27.1,35.0,35.0,,
2026-03-17,strait_of_hormuz,2068.2143684488296,2958,32665,5659,3705,0.06331591515226787,ok,100.0,Strait of Hormuz,0.336,0.0,33.6,0.0,33.6,,
2026-03-17,strait_of_malacca,94.5996744627809,144,32665,5659,3705,0.0028960561598892053,ok,100.0,Strait of Malacca,0.0,0.55,0.0,55.00000000000001,55.00000000000001,,
2026-03-17,taiwan_south_china_sea,602.3419321194817,872,32665,5659,3705,0.01843997955363483,ok,100.0,Taiwan Strait / South China Sea,0.0,0.55,0.0,55.00000000000001,55.00000000000001,,
2026-03-18,cape_of_good_hope,33.939511183486985,50,33022,5781,4152,0.0010277848459659313,ok,73.7837184983669,Cape of Good Hope,0.136,0.0,10.034585715777899,0.0,10.034585715777899,,
2026-03-18,danish_straits_baltic,602.9006850950672,851,33022,5781,4152,0.01825754603279835,ok,100.0,Danish Straits / Baltic,0.176,0.0,17.599999999999998,0.0,17.599999999999998,,
2026-03-18,red_sea_suez,488.341544812069,683,33022,5781,4152,0.014788369717523743,ok,100.0,Red Sea / Bab el-Mandeb / Suez,0.271,0.35,27.1,35.0,35.0,,
2026-03-18,strait_of_hormuz,2455.3104706140757,3559,33022,5781,4152,0.07435377840876009,ok,100.0,Strait of Hormuz,0.336,0.0,33.6,0.0,33.6,,
2026-03-18,strait_of_malacca,109.17335604301348,163,33022,5781,4152,0.0033060794634793013,ok,100.0,Strait of Malacca,0.0,0.55,0.0,55.00000000000001,55.00000000000001,,
2026-03-18,taiwan_south_china_sea,514.0674037392664,746,33022,5781,4152,0.015567421832089711,ok,100.0,Taiwan Strait / South China Sea,0.0,0.55,0.0,55.00000000000001,55.00000000000001,,
2026-03-19,cape_of_good_hope,40.63760469242296,59,32066,5112,3695,0.0012673113170468084,ok,100.0,Cape of Good Hope,0.136,0.0,13.600000000000001,0.0,13.600000000000001,,
2026-03-19,danish_straits_baltic,456.854056426854,659,32066,5112,3695,0.014247304198429926,ok,100.0,Danish Straits / Baltic,0.176,0.0,17.599999999999998,0.0,17.599999999999998,,
2026-03-19,red_sea_suez,604.3586589599674,839,32066,5112,3695,0.018847335463106327,ok,100.0,Red Sea / Bab el-Mandeb / Suez,0.271,0.35,27.1,35.0,35.0,,
2026-03-19,strait_of_hormuz,2166.5019434181936,3127,32066,5112,3695,0.06756383532146802,ok,100.0,Strait of Hormuz,0.336,0.0,33.6,0.0,33.6,,
2026-03-19,strait_of_malacca,94.37866831783361,140,32066,5112,3695,0.0029432629051903453,ok,100.0,Strait of Malacca,0.0,0.55,0.0,55.00000000000001,55.00000000000001,,
2026-03-19,taiwan_south_china_sea,507.31418320426053,730,32066,5112,3695,0.015820937541453892,ok,100.0,Taiwan Strait / South China Sea,0.0,0.55,0.0,55.00000000000001,55.00000000000001,,
2026-03-20,cape_of_good_hope,60.6946992473997,90,29181,4619,3252,0.002079938975614259,ok,100.0,Cape of Good Hope,0.136,0.0,13.600000000000001,0.0,13.600000000000001,,
2026-03-20,danish_straits_baltic,416.66523004165265,595,29181,4619,3252,0.014278648094364575,ok,100.0,Danish Straits / Baltic,0.176,0.0,17.599999999999998,0.0,17.599999999999998,,
2026-03-20,red_sea_suez,414.0892951303923,574,29181,4619,3252,0.01419037370653481,ok,100.0,Red Sea / Bab el-Mandeb / Suez,0.271,0.35,27.1,35.0,35.0,,
2026-03-20,strait_of_hormuz,1846.2885852944016,2676,29181,4619,3252,0.06327023012557492,ok,100.0,Strait of Hormuz,0.336,0.0,33.6,0.0,33.6,,
2026-03-20,strait_of_malacca,83.49468732871419,123,29181,4619,3252,0.0028612688848467906,ok,100.0,Strait of Malacca,0.0,0.55,0.0,55.00000000000001,55.00000000000001,,
2026-03-20,taiwan_south_china_sea,365.6897736082217,567,29181,4619,3252,0.012531776622056191,ok,100.0,Taiwan Strait / South China Sea,0.0,0.55,0.0,55.00000000000001,55.00000000000001,,
2026-03-21,cape_of_good_hope,32.38930459434778,54,17059,3027,2140,0.0018986637314231654,ok,100.0,Cape of Good Hope,0.136,0.0,13.600000000000001,0.0,13.600000000000001,,
2026-03-21,danish_straits_baltic,482.90077948831726,694,17059,3027,2140,0.028307683890516282,ok,100.0,Danish Straits / Baltic,0.176,0.0,17.599999999999998,0.0,17.599999999999998,,
2026-03-21,red_sea_suez,365.8764046872012,516,17059,3027,2140,0.02144770529850526,ok,100.0,Red Sea / Bab el-Mandeb / Suez,0.271,0.35,27.1,35.0,35.0,,
2026-03-21,strait_of_hormuz,1179.7808112579687,1692,17059,3027,2140,0.06915884936150822,ok,100.0,Strait of Hormuz,0.336,0.0,33.6,0.0,33.6,,
2026-03-21,strait_of_malacca,68.25750276976724,99,17059,3027,2140,0.004001260494153658,ok,100.0,Strait of Malacca,0.0,0.55,0.0,55.00000000000001,55.00000000000001,,
2026-03-21,taiwan_south_china_sea,349.0553262279056,509,17059,3027,2140,0.020461652279026063,ok,100.0,Taiwan Strait / South China Sea,0.0,0.55,0.0,55.00000000000001,55.00000000000001,,
2026-03-22,cape_of_good_hope,33.863676047449005,48,13603,2602,1927,0.0024894270416414765,ok,100.0,Cape of Good Hope,0.136,0.0,13.600000000000001,0.0,13.600000000000001,,
2026-03-22,danish_straits_baltic,410.99456964712886,580,13603,2602,1927,0.030213524196657272,ok,100.0,Danish Straits / Baltic,0.176,0.0,17.599999999999998,0.0,17.599999999999998,,
2026-03-22,red_sea_suez,245.2875092459748,341,13603,2602,1927,0.018031868650001823,ok,100.0,Red Sea / Bab el-Mandeb / Suez,0.271,0.35,27.1,35.0,35.0,,
2026-03-22,strait_of_hormuz,1050.8598526864375,1529,13603,2602,1927,0.0772520659182855,ok,100.0,Strait of Hormuz,0.336,0.0,33.6,0.0,33.6,,
2026-03-22,strait_of_malacca,27.834646887142323,39,13603,2602,1927,0.0020462138415895262,ok,87.70878468884035,Strait of Malacca,0.0,0.55,0.0,48.2398315788622,48.2398315788622,,
2026-03-22,taiwan_south_china_sea,190.07877980805128,280,13603,2602,1927,0.013973298522976643,ok,100.0,Taiwan Strait / South China Sea,0.0,0.55,0.0,55.00000000000001,55.00000000000001,,
2026-03-23,cape_of_good_hope,27.684108030242644,43,28094,4788,3322,0.0009854099818552946,ok,69.26800179280433,Cape of Good Hope,0.136,0.0,9.420448243821388,0.0,9.420448243821388,,
2026-03-23,danish_straits_baltic,384.96558124945085,560,28094,4788,3322,0.013702768607156362,ok,100.0,Danish Straits / Baltic,0.176,0.0,17.599999999999998,0.0,17.599999999999998,,
2026-03-23,red_sea_suez,419.4706110062638,590,28094,4788,3322,0.014930967858128563,ok,100.0,Red Sea / Bab el-Mandeb / Suez,0.271,0.35,27.1,35.0,35.0,,
2026-03-23,strait_of_hormuz,1823.8808382291752,2673,28094,4788,3322,0.06492065345729249,ok,100.0,Strait of Hormuz,0.336,0.0,33.6,0.0,33.6,,
2026-03-23,strait_of_malacca,117.77524134799204,173,28094,4788,3322,0.00419218485612558,ok,100.0,Strait of Malacca,0.0,0.55,0.0,55.00000000000001,55.00000000000001,,
2026-03-23,taiwan_south_china_sea,311.4039892720357,461,28094,4788,3322,0.011084359267887652,ok,93.62663638722947,Taiwan Strait / South China Sea,0.0,0.55,0.0,51.49465001297621,51.49465001297621,,
2026-03-24,cape_of_good_hope,42.58435678709095,63,31109,5008,3346,0.0013688757847276011,ok,100.0,Cape of Good Hope,0.136,0.0,13.600000000000001,0.0,13.600000000000001,,
2026-03-24,danish_straits_baltic,478.8007889312553,687,31109,5008,3346,0.015391069752523556,ok,100.0,Danish Straits / Baltic,0.176,0.0,17.599999999999998,0.0,17.599999999999998,,
2026-03-24,red_sea_suez,395.90848079595645,563,31109,5008,3346,0.012726493323345541,ok,100.0,Red Sea / Bab el-Mandeb / Suez,0.271,0.35,27.1,35.0,35.0,,
2026-03-24,strait_of_hormuz,1843.4448555509312,2723,31109,5008,3346,0.059257605694523485,ok,100.0,Strait of Hormuz,0.336,0.0,33.6,0.0,33.6,,
2026-03-24,strait_of_malacca,113.98787838824053,167,31109,5008,3346,0.0036641447294429434,ok,100.0,Strait of Malacca,0.0,0.55,0.0,55.00000000000001,55.00000000000001,,
2026-03-24,taiwan_south_china_sea,326.64645138488726,495,31109,5008,3346,0.01050006272734216,ok,86.32197555015844,Taiwan Strait / South China Sea,0.0,0.55,0.0,47.477086552587146,47.477086552587146,,
2026-03-25,cape_of_good_hope,55.602578461662986,87,32122,4761,3243,0.0017309812110598028,ok,100.0,Cape of Good Hope,0.136,0.0,13.600000000000001,0.0,13.600000000000001,,
2026-03-25,danish_straits_baltic,344.81860064500773,511,32122,4761,3243,0.010734655396457498,ok,67.24739169155157,Danish Straits / Baltic,0.176,0.0,11.835540937713075,0.0,11.835540937713075,,
2026-03-25,red_sea_suez,442.15069672399807,621,32122,4761,3243,0.013764731234792294,ok,100.0,Red Sea / Bab el-Mandeb / Suez,0.271,0.35,27.1,35.0,35.0,,
2026-03-25,strait_of_hormuz,1738.3416083221553,2553,32122,4761,3243,0.054116854751327916,ok,100.0,Strait of Hormuz,0.336,0.0,33.6,0.0,33.6,,
2026-03-25,strait_of_malacca,81.46654549424618,124,32122,4761,3243,0.002536160435036616,ok,100.0,Strait of Malacca,0.0,0.55,0.0,55.00000000000001,55.00000000000001,,
2026-03-25,taiwan_south_china_sea,452.0892172050882,674,32122,4761,3243,0.014074130415450102,ok,100.0,Taiwan Strait / South China Sea,0.0,0.55,0.0,55.00000000000001,55.00000000000001,,
2026-03-26,cape_of_good_hope,50.26266957980358,74,32358,4897,3536,0.0015533305389641998,ok,100.0,Cape of Good Hope,0.136,0.0,13.600000000000001,0.0,13.600000000000001,,
2026-03-26,danish_straits_baltic,490.9838020459784,720,32358,4897,3536,0.015173490390196501,ok,100.0,Danish Straits / Baltic,0.176,0.0,17.599999999999998,0.0,17.599999999999998,,
2026-03-26,red_sea_suez,455.66040817473976,644,32358,4897,3536,0.014081847091128617,ok,100.0,Red Sea / Bab el-Mandeb / Suez,0.271,0.35,27.1,35.0,35.0,,
2026-03-26,strait_of_hormuz,1944.402285358328,2874,32358,4897,3536,0.060090311062436744,ok,100.0,Strait of Hormuz,0.336,0.0,33.6,0.0,33.6,,
2026-03-26,strait_of_malacca,100.49593619617659,160,32358,4897,3536,0.003105752401142734,ok,100.0,Strait of Malacca,0.0,0.55,0.0,55.00000000000001,55.00000000000001,,
2026-03-26,taiwan_south_china_sea,569.702739269288,840,32358,4897,3536,0.017606240783400954,ok,100.0,Taiwan Strait / South China Sea,0.0,0.55,0.0,55.00000000000001,55.00000000000001,,
2026-03-27,cape_of_good_hope,74.80729041368845,121,32427,5109,3248,0.002306944534298222,ok,100.0,Cape of Good Hope,0.136,0.0,13.600000000000001,0.0,13.600000000000001,,
2026-03-27,danish_straits_baltic,617.6854895328859,879,32427,5109,3248,0.019048493216544417,ok,100.0,Danish Straits / Baltic,0.176,0.0,17.599999999999998,0.0,17.599999999999998,,
2026-03-27,red_sea_suez,373.5516618487028,517,32427,5109,3248,0.011519772468890209,ok,100.0,Red Sea / Bab el-Mandeb / Suez,0.271,0.35,27.1,35.0,35.0,,
2026-03-27,strait_of_hormuz,1692.560116166299,2495,32427,5109,3248,0.052196013080651894,ok,100.0,Strait of Hormuz,0.336,0.0,33.6,0.0,33.6,,
2026-03-27,strait_of_malacca,86.8419968338963,125,32427,5109,3248,0.002678076813578077,ok,100.0,Strait of Malacca,0.0,0.55,0.0,55.00000000000001,55.00000000000001,,
2026-03-27,taiwan_south_china_sea,550.0320738512189,817,32427,5109,3248,0.01696216343945536,ok,100.0,Taiwan Strait / South China Sea,0.0,0.55,0.0,55.00000000000001,55.00000000000001,,
2026-03-28,cape_of_good_hope,78.54504600507957,132,18026,3181,2158,0.004357319760627958,ok,100.0,Cape of Good Hope,0.136,0.0,13.600000000000001,0.0,13.600000000000001,,
2026-03-28,danish_straits_baltic,195.9335394357631,280,18026,3181,2158,0.010869496251845284,ok,68.51843089778458,Danish Straits / Baltic,0.176,0.0,12.059243838010087,0.0,12.059243838010087,,
2026-03-28,red_sea_suez,425.2138150260651,602,18026,3181,2158,0.023588916843784818,ok,100.0,Red Sea / Bab el-Mandeb / Suez,0.271,0.35,27.1,35.0,35.0,,
2026-03-28,strait_of_hormuz,1129.4451496321599,1659,18026,3181,2158,0.0626564489976789,ok,100.0,Strait of Hormuz,0.336,0.0,33.6,0.0,33.6,,
2026-03-28,strait_of_malacca,41.784796888472336,63,18026,3181,2158,0.0023180293403124563,ok,100.0,Strait of Malacca,0.0,0.55,0.0,55.00000000000001,55.00000000000001,,
2026-03-28,taiwan_south_china_sea,268.1799194543582,394,18026,3181,2158,0.014877394843801075,ok,100.0,Taiwan Strait / South China Sea,0.0,0.55,0.0,55.00000000000001,55.00000000000001,,
2026-03-29,cape_of_good_hope,17.462222481930027,28,14495,2993,2113,0.0012047066217268042,ok,98.31470240785983,Cape of Good Hope,0.136,0.0,13.370799527468938,0.0,13.370799527468938,,
2026-03-29,danish_straits_baltic,258.9914704329579,371,14495,2993,2113,0.01786764197536791,ok,100.0,Danish Straits / Baltic,0.176,0.0,17.599999999999998,0.0,17.599999999999998,,
2026-03-29,red_sea_suez,475.2140313391412,646,14495,2993,2113,0.032784686535987664,ok,100.0,Red Sea / Bab el-Mandeb / Suez,0.271,0.35,27.1,35.0,35.0,,
2026-03-29,strait_of_hormuz,1162.5203693740827,1660,14495,2993,2113,0.08020147425830167,ok,100.0,Strait of Hormuz,0.336,0.0,33.6,0.0,33.6,,
2026-03-29,strait_of_malacca,50.424688373920624,75,14495,2993,2113,0.003478764289335676,ok,100.0,Strait of Malacca,0.0,0.55,0.0,55.00000000000001,55.00000000000001,,
2026-03-29,taiwan_south_china_sea,194.37493684264265,284,14495,2993,2113,0.013409792124363067,ok,100.0,Taiwan Strait / South China Sea,0.0,0.55,0.0,55.00000000000001,55.00000000000001,,
2026-03-30,cape_of_good_hope,30.54212488799427,45,28460,4538,3088,0.0010731596938859547,ok,82.65955295083701,Cape of Good Hope,0.136,0.0,11.241699201313834,0.0,11.241699201313834,,
2026-03-30,danish_straits_baltic,395.752832408511,587,28460,4538,3088,0.013905580899807132,ok,100.0,Danish Straits / Baltic,0.176,0.0,17.599999999999998,0.0,17.599999999999998,,
2026-03-30,red_sea_suez,490.7732387430861,689,28460,4538,3088,0.01724431618914568,ok,100.0,Red Sea / Bab el-Mandeb / Suez,0.271,0.35,27.1,35.0,35.0,,
2026-03-30,strait_of_hormuz,1610.0525488211003,2335,28460,4538,3088,0.05657247184894942,ok,100.0,Strait of Hormuz,0.336,0.0,33.6,0.0,33.6,,
2026-03-30,strait_of_malacca,195.1982219281827,272,28460,4538,3088,0.006858686645403468,ok,100.0,Strait of Malacca,0.0,0.55,0.0,55.00000000000001,55.00000000000001,,
2026-03-30,taiwan_south_china_sea,343.7271118494458,507,28460,4538,3088,0.012077551365054316,ok,100.0,Taiwan Strait / South China Sea,0.0,0.55,0.0,55.00000000000001,55.00000000000001,,
2026-03-31,cape_of_good_hope,48.76860041718282,72,32208,4977,3523,0.0015141766150392083,ok,100.0,Cape of Good Hope,0.136,0.0,13.600000000000001,0.0,13.600000000000001,,
2026-03-31,danish_straits_baltic,521.6742842095073,762,32208,4977,3523,0.01619704061753314,ok,100.0,Danish Straits / Baltic,0.176,0.0,17.599999999999998,0.0,17.599999999999998,,
2026-03-31,red_sea_suez,454.8696208416232,628,32208,4977,3523,0.014122876951118454,ok,100.0,Red Sea / Bab el-Mandeb / Suez,0.271,0.35,27.1,35.0,35.0,,
2026-03-31,strait_of_hormuz,1926.001886546072,2792,32208,4977,3523,0.05979886632346224,ok,100.0,Strait of Hormuz,0.336,0.0,33.6,0.0,33.6,,
2026-03-31,strait_of_malacca,179.3182900873841,258,32208,4977,3523,0.005567507764759815,ok,100.0,Strait of Malacca,0.0,0.55,0.0,55.00000000000001,55.00000000000001,,
2026-03-31,taiwan_south_china_sea,348.45732550044244,521,32208,4977,3523,0.010818968129050002,ok,90.28431197786034,Taiwan Strait / South China Sea,0.0,0.55,0.0,49.656371587823195,49.656371587823195,,
2026-04-01,cape_of_good_hope,26.920620836500635,41,33113,5349,3644,0.0008129925055567491,ok,51.90832760574558,Cape of Good Hope,0.136,0.0,7.0595325543814,0.0,7.0595325543814,,
2026-04-01,danish_straits_baltic,480.97543458971097,693,33113,5349,3644,0.014525275106142934,ok,100.0,Danish Straits / Baltic,0.176,0.0,17.599999999999998,0.0,17.599999999999998,,
2026-04-01,red_sea_suez,413.7127961832486,572,33113,5349,3644,0.012493969020724447,ok,100.0,Red Sea / Bab el-Mandeb / Suez,0.271,0.35,27.1,35.0,35.0,,
2026-04-01,strait_of_hormuz,2034.4393103082916,2957,33113,5349,3644,0.06143929303621815,ok,100.0,Strait of Hormuz,0.336,0.0,33.6,0.0,33.6,,
2026-04-01,strait_of_malacca,140.86149716183283,202,33113,5349,3644,0.004253963614345811,ok,100.0,Strait of Malacca,0.0,0.55,0.0,55.00000000000001,55.00000000000001,,
2026-04-01,taiwan_south_china_sea,431.86788349964905,639,33113,5349,3644,0.013042245749392958,ok,100.0,Taiwan Strait / South China Sea,0.0,0.55,0.0,55.00000000000001,55.00000000000001,,
2026-04-02,cape_of_good_hope,29.20460808818994,45,31759,4822,3370,0.0009195695106328896,ok,62.44304437226237,Cape of Good Hope,0.136,0.0,8.492254034627683,0.0,8.492254034627683,,
2026-04-02,danish_straits_baltic,328.0519805836188,479,31759,4822,3370,0.01032941782120403,ok,63.475634453765274,Danish Straits / Baltic,0.176,0.0,11.171711663862688,0.0,11.171711663862688,,
2026-04-02,red_sea_suez,349.93054770352893,490,31759,4822,3370,0.011018311272506343,ok,100.0,Red Sea / Bab el-Mandeb / Suez,0.271,0.35,27.1,35.0,35.0,,
2026-04-02,strait_of_hormuz,1894.0416234111483,2770,31759,4822,3370,0.05963794903527026,ok,100.0,Strait of Hormuz,0.336,0.0,33.6,0.0,33.6,,
2026-04-02,strait_of_malacca,74.1553479646797,108,31759,4822,3370,0.0023349396380452692,ok,100.0,Strait of Malacca,0.0,0.55,0.0,55.00000000000001,55.00000000000001,,
2026-04-02,taiwan_south_china_sea,442.06839549150584,650,31759,4822,3370,0.01391946835515935,ok,100.0,Taiwan Strait / South China Sea,0.0,0.55,0.0,55.00000000000001,55.00000000000001,,
2026-04-03,cape_of_good_hope,16.99878158663021,25,24767,4430,2899,0.0006863480270775713,ok,40.26463885606118,Cape of Good Hope,0.136,0.0,5.475990884424321,0.0,5.475990884424321,,
2026-04-03,danish_straits_baltic,353.3662128361686,510,24767,4430,2899,0.014267622757547083,ok,100.0,Danish Straits / Baltic,0.176,0.0,17.599999999999998,0.0,17.599999999999998,,
2026-04-03,red_sea_suez,388.1607726716413,549,24767,4430,2899,0.015672498593759493,ok,100.0,Red Sea / Bab el-Mandeb / Suez,0.271,0.35,27.1,35.0,35.0,,
2026-04-03,strait_of_hormuz,1675.1791771934625,2436,24767,4430,2899,0.06763754904483638,ok,100.0,Strait of Hormuz,0.336,0.0,33.6,0.0,33.6,,
2026-04-03,strait_of_malacca,88.26549976416362,130,24767,4430,2899,0.003563834932134034,ok,100.0,Strait of Malacca,0.0,0.55,0.0,55.00000000000001,55.00000000000001,,
2026-04-03,taiwan_south_china_sea,373.70802674077385,544,24767,4430,2899,0.015088950084417727,ok,100.0,Taiwan Strait / South China Sea,0.0,0.55,0.0,55.00000000000001,55.00000000000001,,
2026-04-04,cape_of_good_hope,18.038624300947085,28,15489,2737,1888,0.0011646087094678214,ok,93.4472603056613,Cape of Good Hope,0.136,0.0,12.708827401569938,0.0,12.708827401569938,,
2026-04-04,danish_straits_baltic,237.3324053069802,346,15489,2737,1888,0.015322642217507922,ok,100.0,Danish Straits / Baltic,0.176,0.0,17.599999999999998,0.0,17.599999999999998,,
2026-04-04,red_sea_suez,248.6760108440196,348,15489,2737,1888,0.016055007479115476,ok,100.0,Red Sea / Bab el-Mandeb / Suez,0.271,0.35,27.1,35.0,35.0,,
2026-04-04,strait_of_hormuz,1094.7414779930243,1582,15489,2737,1888,0.0706786414870569,ok,100.0,Strait of Hormuz,0.336,0.0,33.6,0.0,33.6,,
2026-04-04,strait_of_malacca,52.137654034871304,75,15489,2737,1888,0.0033661084663226355,ok,100.0,Strait of Malacca,0.0,0.55,0.0,55.00000000000001,55.00000000000001,,
2026-04-04,taiwan_south_china_sea,151.88145126406258,224,15489,2737,1888,0.009805762235396899,ok,74.19357011118763,Taiwan Strait / South China Sea,0.0,0.55,0.0,40.806463561153194,40.806463561153194,,
2026-04-05,cape_of_good_hope,13.149311312729575,20,13197,2839,2026,0.0009963863993884652,ok,70.42857640003434,Cape of Good Hope,0.136,0.0,9.578286390404672,0.0,9.578286390404672,,
2026-04-05,danish_straits_baltic,322.55677115425135,451,13197,2839,2026,0.02444167395273557,ok,100.0,Danish Straits / Baltic,0.176,0.0,17.599999999999998,0.0,17.599999999999998,,
2026-04-05,red_sea_suez,258.03525197005547,362,13197,2839,2026,0.019552568914909106,ok,100.0,Red Sea / Bab el-Mandeb / Suez,0.271,0.35,27.1,35.0,35.0,,
2026-04-05,strait_of_hormuz,1158.3572590369008,1672,13197,2839,2026,0.08777428650730475,ok,100.0,Strait of Hormuz,0.336,0.0,33.6,0.0,33.6,,
2026-04-05,strait_of_malacca,31.943916281865455,47,13197,2839,2026,0.00242054378130374,ok,100.0,Strait of Malacca,0.0,0.55,0.0,55.00000000000001,55.00000000000001,,
2026-04-05,taiwan_south_china_sea,176.29016056713877,250,13197,2839,2026,0.013358351183385525,ok,100.0,Taiwan Strait / South China Sea,0.0,0.55,0.0,55.00000000000001,55.00000000000001,,
2026-04-06,cape_of_good_hope,21.478485193989332,34,23900,3899,2871,0.0008986813888698465,ok,60.32757183045357,Cape of Good Hope,0.136,0.0,8.204549768941686,0.0,8.204549768941686,,
2026-04-06,danish_straits_baltic,357.19498556003083,508,23900,3899,2871,0.014945396885356938,ok,100.0,Danish Straits / Baltic,0.176,0.0,17.599999999999998,0.0,17.599999999999998,,
2026-04-06,red_sea_suez,432.433286404627,608,23900,3899,2871,0.018093442945800293,ok,100.0,Red Sea / Bab el-Mandeb / Suez,0.271,0.35,27.1,35.0,35.0,,
2026-04-06,strait_of_hormuz,1702.8756822341243,2462,23900,3899,2871,0.07125002854536085,ok,100.0,Strait of Hormuz,0.336,0.0,33.6,0.0,33.6,,
2026-04-06,strait_of_malacca,74.31294957372442,113,23900,3899,2871,0.003109328434047047,ok,100.0,Strait of Malacca,0.0,0.55,0.0,55.00000000000001,55.00000000000001,,
2026-04-06,taiwan_south_china_sea,253.78553638963356,375,23900,3899,2871,0.010618641689942827,ok,87.78836897221328,Taiwan Strait / South China Sea,0.0,0.55,0.0,48.28360293471731,48.28360293471731,,
2026-04-07,cape_of_good_hope,20.033875697918067,30,30445,4985,3430,0.0006580350040373811,ok,37.79903550514526,Cape of Good Hope,0.136,0.0,5.140668828699756,0.0,5.140668828699756,,
2026-04-07,danish_straits_baltic,362.57162364214514,530,30445,4985,3430,0.01190906958916555,ok,78.57963961655274,Danish Straits / Baltic,0.176,0.0,13.830016572513282,0.0,13.830016572513282,,
2026-04-07,red_sea_suez,444.5401024631942,627,30445,4985,3430,0.01460141574850367,ok,100.0,Red Sea / Bab el-Mandeb / Suez,0.271,0.35,27.1,35.0,35.0,,
2026-04-07,strait_of_hormuz,1930.8891359237268,2817,30445,4985,3430,0.06342220843894653,ok,100.0,Strait of Hormuz,0.336,0.0,33.6,0.0,33.6,,
2026-04-07,strait_of_malacca,76.58731090333865,118,30445,4985,3430,0.002515595693983861,ok,100.0,Strait of Malacca,0.0,0.55,0.0,55.00000000000001,55.00000000000001,,
2026-04-07,taiwan_south_china_sea,387.74353915823565,576,30445,4985,3430,0.012735869244809843,ok,100.0,Taiwan Strait / South China Sea,0.0,0.55,0.0,55.00000000000001,55.00000000000001,,
2026-04-08,cape_of_good_hope,28.29054667802217,45,31203,5448,3953,0.0009066611120091713,ok,61.132858960041624,Cape of Good Hope,0.136,0.0,8.314068818565662,0.0,8.314068818565662,,
2026-04-08,danish_straits_baltic,431.5611519491969,618,31203,5448,3953,0.01383075832289193,ok,100.0,Danish Straits / Baltic,0.176,0.0,17.599999999999998,0.0,17.599999999999998,,
2026-04-08,red_sea_suez,487.506617281524,671,31203,5448,3953,0.015623709812566867,ok,100.0,Red Sea / Bab el-Mandeb / Suez,0.271,0.35,27.1,35.0,35.0,,
2026-04-08,strait_of_hormuz,2380.559977440732,3421,31203,5448,3953,0.07629266344392308,ok,100.0,Strait of Hormuz,0.336,0.0,33.6,0.0,33.6,,
2026-04-08,strait_of_malacca,84.41188830531141,127,31203,5448,3953,0.0027052491204471174,ok,100.0,Strait of Malacca,0.0,0.55,0.0,55.00000000000001,55.00000000000001,,
2026-04-08,taiwan_south_china_sea,522.1994395580622,765,31203,5448,3953,0.016735552336572194,ok,100.0,Taiwan Strait / South China Sea,0.0,0.55,0.0,55.00000000000001,55.00000000000001,,
2026-04-09,cape_of_good_hope,36.76583361728933,56,31265,4986,3393,0.0011759422234859853,ok,94.81466162304318,Cape of Good Hope,0.136,0.0,12.894793980733873,0.0,12.894793980733873,,
2026-04-09,danish_straits_baltic,442.3126253876712,644,31265,4986,3393,0.01414721334999748,ok,100.0,Danish Straits / Baltic,0.176,0.0,17.599999999999998,0.0,17.599999999999998,,
2026-04-09,red_sea_suez,396.7951576369392,552,31265,4986,3393,0.012691353194848529,ok,100.0,Red Sea / Bab el-Mandeb / Suez,0.271,0.35,27.1,35.0,35.0,,
2026-04-09,strait_of_hormuz,1915.991766524232,2754,31265,4986,3393,0.06128232101468837,ok,100.0,Strait of Hormuz,0.336,0.0,33.6,0.0,33.6,,
2026-04-09,strait_of_malacca,80.07887475746534,136,31265,4986,3393,0.0025612945708448852,ok,100.0,Strait of Malacca,0.0,0.55,0.0,55.00000000000001,55.00000000000001,,
2026-04-09,taiwan_south_china_sea,374.3394207771995,565,31265,4986,3393,0.011973114369972797,ok,100.0,Taiwan Strait / South China Sea,0.0,0.55,0.0,55.00000000000001,55.00000000000001,,
2026-04-10,cape_of_good_hope,42.45604074358928,61,29091,4402,2939,0.0014594218398676318,ok,100.0,Cape of Good Hope,0.136,0.0,13.600000000000001,0.0,13.600000000000001,,
2026-04-10,danish_straits_baltic,394.1424038654503,590,29091,4402,2939,0.013548602793491125,ok,100.0,Danish Straits / Baltic,0.176,0.0,17.599999999999998,0.0,17.599999999999998,,
2026-04-10,red_sea_suez,262.4268807045968,365,29091,4402,2939,0.009020895833921034,ok,85.8133719273209,Red Sea / Bab el-Mandeb / Suez,0.271,0.35,23.255423792303965,30.034680174562315,30.034680174562315,,
2026-04-10,strait_of_hormuz,1565.2605688063509,2291,29091,4402,2939,0.05380566391001859,ok,100.0,Strait of Hormuz,0.336,0.0,33.6,0.0,33.6,,
2026-04-10,strait_of_malacca,60.261293200771284,88,29091,4402,2939,0.0020714754804156367,ok,89.33800740212632,Strait of Malacca,0.0,0.55,0.0,49.135904071169485,49.135904071169485,,
2026-04-10,taiwan_south_china_sea,399.6484929315732,591,29091,4402,2939,0.013737874013666536,ok,100.0,Taiwan Strait / South China Sea,0.0,0.55,0.0,55.00000000000001,55.00000000000001,,
2026-04-11,cape_of_good_hope,33.60780376165684,48,17185,3152,2142,0.0019556475857816025,ok,100.0,Cape of Good Hope,0.136,0.0,13.600000000000001,0.0,13.600000000000001,,
2026-04-11,danish_straits_baltic,328.4300431475798,468,17185,3152,2142,0.01911143690122664,ok,100.0,Danish Straits / Baltic,0.176,0.0,17.599999999999998,0.0,17.599999999999998,,
2026-04-11,red_sea_suez,219.52378984548847,316,17185,3152,2142,0.01277415128574271,ok,100.0,Red Sea / Bab el-Mandeb / Suez,0.271,0.35,27.1,35.0,35.0,,
2026-04-11,strait_of_hormuz,1042.1712376532794,1531,17185,3152,2142,0.06064423844360078,ok,100.0,Strait of Hormuz,0.336,0.0,33.6,0.0,33.6,,
2026-04-11,strait_of_malacca,30.609746663651183,49,17185,3152,2142,0.0017811897971283784,ok,71.23310319832315,Strait of Malacca,0.0,0.55,0.0,39.17820675907774,39.17820675907774,,
2026-04-11,taiwan_south_china_sea,288.11337668637674,425,17185,3152,2142,0.016765398701563964,ok,100.0,Taiwan Strait / South China Sea,0.0,0.55,0.0,55.00000000000001,55.00000000000001,,
2026-04-12,cape_of_good_hope,8.42364735397998,12,13729,3162,2352,0.0006135659810605274,ok,34.03291367754646,Cape of Good Hope,0.136,0.0,4.628476260146319,0.0,4.628476260146319,,
2026-04-12,danish_straits_baltic,309.765865507116,467,13729,3162,2352,0.02256288626317401,ok,100.0,Danish Straits / Baltic,0.176,0.0,17.599999999999998,0.0,17.599999999999998,,
2026-04-12,red_sea_suez,256.9690046027106,354,13729,3162,2352,0.018717241212230357,ok,100.0,Red Sea / Bab el-Mandeb / Suez,0.271,0.35,27.1,35.0,35.0,,
2026-04-12,strait_of_hormuz,1257.1339909363937,1836,13729,3162,2352,0.09156777557989611,ok,100.0,Strait of Hormuz,0.336,0.0,33.6,0.0,33.6,,
2026-04-12,strait_of_malacca,39.812827119241966,66,13729,3162,2352,0.002899907285253257,ok,100.0,Strait of Malacca,0.0,0.55,0.0,55.00000000000001,55.00000000000001,,
2026-04-12,taiwan_south_china_sea,359.34925467466644,514,13729,3162,2352,0.02617446679835869,ok,100.0,Taiwan Strait / South China Sea,0.0,0.55,0.0,55.00000000000001,55.00000000000001,,
2026-04-13,cape_of_good_hope,33.08569595625491,51,27698,5352,3952,0.0011945157035257025,ok,97.0698409522672,Cape of Good Hope,0.136,0.0,13.20149836950834,0.0,13.20149836950834,,
2026-04-13,danish_straits_baltic,432.7559878023771,643,27698,5352,3952,0.01562408794145343,ok,100.0,Danish Straits / Baltic,0.176,0.0,17.599999999999998,0.0,17.599999999999998,,
2026-04-13,red_sea_suez,322.8744640251148,468,27698,5352,3952,0.011656959492566784,ok,100.0,Red Sea / Bab el-Mandeb / Suez,0.271,0.35,27.1,35.0,35.0,,
2026-04-13,strait_of_hormuz,2145.527847111668,3222,27698,5352,3952,0.07746147184315359,ok,100.0,Strait of Hormuz,0.336,0.0,33.6,0.0,33.6,,
2026-04-13,strait_of_malacca,96.5353506754122,149,27698,5352,3952,0.003485282355239086,ok,100.0,Strait of Malacca,0.0,0.55,0.0,55.00000000000001,55.00000000000001,,
2026-04-13,taiwan_south_china_sea,533.5326992955386,798,27698,5352,3952,0.0192624990719741,ok,100.0,Taiwan Strait / South China Sea,0.0,0.55,0.0,55.00000000000001,55.00000000000001,,
2026-04-14,cape_of_good_hope,25.57795589446954,43,30031,5137,3530,0.0008517184207808444,ok,55.661035809247785,Cape of Good Hope,0.136,0.0,7.569900870057699,0.0,7.569900870057699,,
2026-04-14,danish_straits_baltic,345.5413736727639,524,30031,5137,3530,0.011506156094461185,ok,74.62574423845186,Danish Straits / Baltic,0.176,0.0,13.134130985967527,0.0,13.134130985967527,,
2026-04-14,red_sea_suez,236.18022403414352,342,30031,5137,3530,0.007864547435454814,ok,69.85396621037492,Red Sea / Bab el-Mandeb / Suez,0.271,0.35,18.930424843011604,24.44888817363122,24.44888817363122,,
2026-04-14,strait_of_hormuz,1997.911225977618,2971,30031,5137,3530,0.06652829496112743,ok,100.0,Strait of Hormuz,0.336,0.0,33.6,0.0,33.6,,
2026-04-14,strait_of_malacca,90.60070039431537,150,30031,5137,3530,0.0030169058770708724,ok,100.0,Strait of Malacca,0.0,0.55,0.0,55.00000000000001,55.00000000000001,,
2026-04-14,taiwan_south_china_sea,587.0331609120822,877,30031,5137,3530,0.019547572871768577,ok,100.0,Taiwan Strait / South China Sea,0.0,0.55,0.0,55.00000000000001,55.00000000000001,,
2026-04-15,cape_of_good_hope,61.20712030672462,99,31351,5131,3383,0.0019523179581743683,ok,100.0,Cape of Good Hope,0.136,0.0,13.600000000000001,0.0,13.600000000000001,,
2026-04-15,danish_straits_baltic,318.4762139157952,467,31351,5131,3383,0.010158406874287748,ok,61.905849651748134,Danish Straits / Baltic,0.176,0.0,10.89542953870767,0.0,10.89542953870767,,
2026-04-15,red_sea_suez,306.5546997986358,444,31351,5131,3383,0.009778147421091378,ok,96.8423537463022,Red Sea / Bab el-Mandeb / Suez,0.271,0.35,26.244277865247895,33.89482381120577,33.89482381120577,,
2026-04-15,strait_of_hormuz,1828.995229514588,2705,31351,5131,3383,0.05833929474385467,ok,100.0,Strait of Hormuz,0.336,0.0,33.6,0.0,33.6,,
2026-04-15,strait_of_malacca,115.98310527936862,184,31351,5131,3383,0.003699502576612185,ok,100.0,Strait of Malacca,0.0,0.55,0.0,55.00000000000001,55.00000000000001,,
2026-04-15,taiwan_south_china_sea,566.9688567287603,832,31351,5131,3383,0.01808455413635164,ok,100.0,Taiwan Strait / South China Sea,0.0,0.55,0.0,55.00000000000001,55.00000000000001,,
2026-04-16,cape_of_good_hope,67.99312303419971,103,33317,5069,3564,0.0020407936799291568,ok,100.0,Cape of Good Hope,0.136,0.0,13.600000000000001,0.0,13.600000000000001,,
2026-04-16,danish_straits_baltic,413.0815541219611,597,33317,5069,3564,0.012398521899389534,ok,83.47340961522356,Danish Straits / Baltic,0.176,0.0,14.691320092279346,0.0,14.691320092279346,,
2026-04-16,red_sea_suez,386.9602873000475,536,33317,5069,3564,0.01161449972386612,ok,100.0,Red Sea / Bab el-Mandeb / Suez,0.271,0.35,27.1,35.0,35.0,,
2026-04-16,strait_of_hormuz,1884.1252087213716,2721,33317,5069,3564,0.05655146648021645,ok,100.0,Strait of Hormuz,0.336,0.0,33.6,0.0,33.6,,
2026-04-16,strait_of_malacca,112.36882909436028,161,33317,5069,3564,0.0033727175044079684,ok,100.0,Strait of Malacca,0.0,0.55,0.0,55.00000000000001,55.00000000000001,,
2026-04-16,taiwan_south_china_sea,625.2409687009437,908,33317,5069,3564,0.01876642460908676,ok,100.0,Taiwan Strait / South China Sea,0.0,0.55,0.0,55.00000000000001,55.00000000000001,,
2026-04-17,cape_of_good_hope,55.46490504731355,84,31153,4481,2910,0.001780403333461097,ok,100.0,Cape of Good Hope,0.136,0.0,13.600000000000001,0.0,13.600000000000001,,
2026-04-17,danish_straits_baltic,267.89872495141026,389,31153,4481,2910,0.008599451897133832,ok,48.216917268887784,Danish Straits / Baltic,0.176,0.0,8.48617743932425,0.0,8.48617743932425,,
2026-04-17,red_sea_suez,261.85539119538646,365,31153,4481,2910,0.008405463075639151,ok,77.18322702478328,Red Sea / Bab el-Mandeb / Suez,0.271,0.35,20.91665452371627,27.014129458674145,27.014129458674145,,
2026-04-17,strait_of_hormuz,1555.374474489658,2327,31153,4481,2910,0.04992695645651007,ok,100.0,Strait of Hormuz,0.336,0.0,33.6,0.0,33.6,,
2026-04-17,strait_of_malacca,92.30571283929632,139,31153,4481,2910,0.0029629799004685367,ok,100.0,Strait of Malacca,0.0,0.55,0.0,55.00000000000001,55.00000000000001,,
2026-04-17,taiwan_south_china_sea,316.8767061357805,464,31153,4481,2910,0.010171627327569753,ok,78.38444568605102,Taiwan Strait / South China Sea,0.0,0.55,0.0,43.11144512732807,43.11144512732807,,
2026-04-18,cape_of_good_hope,37.12589042068622,55,17698,3056,2077,0.0020977449667016735,ok,100.0,Cape of Good Hope,0.136,0.0,13.600000000000001,0.0,13.600000000000001,,
2026-04-18,danish_straits_baltic,273.7987776631485,393,17698,3056,2077,0.015470605586119814,ok,100.0,Danish Straits / Baltic,0.176,0.0,17.599999999999998,0.0,17.599999999999998,,
2026-04-18,red_sea_suez,178.70190470160009,250,17698,3056,2077,0.01009729374514635,ok,100.0,Red Sea / Bab el-Mandeb / Suez,0.271,0.35,27.1,35.0,35.0,,
2026-04-18,strait_of_hormuz,1087.0397180260686,1617,17698,3056,2077,0.06142161363013157,ok,100.0,Strait of Hormuz,0.336,0.0,33.6,0.0,33.6,,
2026-04-18,strait_of_malacca,42.87008773917717,70,17698,3056,2077,0.0024223125629549763,ok,100.0,Strait of Malacca,0.0,0.55,0.0,55.00000000000001,55.00000000000001,,
2026-04-18,taiwan_south_china_sea,144.01458831515455,221,17698,3056,2077,0.00813733689203043,ok,56.08770583138447,Taiwan Strait / South China Sea,0.0,0.55,0.0,30.84823820726146,30.84823820726146,,
2026-04-19,cape_of_good_hope,44.72733649477812,65,14477,2819,1735,0.0030895445530688763,ok,100.0,Cape of Good Hope,0.136,0.0,13.600000000000001,0.0,13.600000000000001,,
2026-04-19,danish_straits_baltic,171.50167426854085,249,14477,2819,1735,0.01184649266205297,ok,77.96110172622565,Danish Straits / Baltic,0.176,0.0,13.721153903815713,0.0,13.721153903815713,,
2026-04-19,red_sea_suez,176.31748756579137,247,14477,2819,1735,0.01217914537306012,ok,100.0,Red Sea / Bab el-Mandeb / Suez,0.271,0.35,27.1,35.0,35.0,,
2026-04-19,strait_of_hormuz,904.0753534394274,1348,14477,2819,1735,0.06244908153895334,ok,100.0,Strait of Hormuz,0.336,0.0,33.6,0.0,33.6,,
2026-04-19,strait_of_malacca,25.06838798130989,38,14477,2819,1735,0.0017316010210202315,ok,65.02779335351005,Strait of Malacca,0.0,0.55,0.0,35.76528634443053,35.76528634443053,,
2026-04-19,taiwan_south_china_sea,112.4136790836759,166,14477,2819,1735,0.007764984394810797,ok,52.282351488264275,Taiwan Strait / South China Sea,0.0,0.55,0.0,28.755293318545355,28.755293318545355,,
2026-04-20,cape_of_good_hope,29.57589779655526,46,28162,4742,2890,0.0010502058730400988,ok,76.21121539331213,Cape of Good Hope,0.136,0.0,10.36472529349045,0.0,10.36472529349045,,
2026-04-20,danish_straits_baltic,291.4675067221282,438,28162,4742,2890,0.01034967355735133,ok,63.66243721196548,Danish Straits / Baltic,0.176,0.0,11.204588949305924,0.0,11.204588949305924,,
2026-04-20,red_sea_suez,246.31931837010103,349,28162,4742,2890,0.008746513684045915,ok,81.92810982689117,Red Sea / Bab el-Mandeb / Suez,0.271,0.35,22.20251776308751,28.674838439411907,28.674838439411907,,
2026-04-20,strait_of_hormuz,1487.4768386615292,2256,28162,4742,2890,0.052818579598804385,ok,100.0,Strait of Hormuz,0.336,0.0,33.6,0.0,33.6,,
2026-04-20,strait_of_malacca,70.25061754847913,101,28162,4742,2890,0.0024945180579674427,ok,100.0,Strait of Malacca,0.0,0.55,0.0,55.00000000000001,55.00000000000001,,
2026-04-20,taiwan_south_china_sea,395.99024116441257,583,28162,4742,2890,0.014061154788879078,ok,100.0,Taiwan Strait / South China Sea,0.0,0.55,0.0,55.00000000000001,55.00000000000001,,
2026-04-21,cape_of_good_hope,33.12956668255447,50,30910,4891,2871,0.0010718073983356348,ok,82.5033624157825,Cape of Good Hope,0.136,0.0,11.220457288546422,0.0,11.220457288546422,,
2026-04-21,danish_straits_baltic,334.3249213066036,500,30910,4891,2871,0.010816076392966794,ok,68.01393502409113,Danish Straits / Baltic,0.176,0.0,11.970452564240038,0.0,11.970452564240038,,
2026-04-21,red_sea_suez,200.98022819721356,285,30910,4891,2871,0.00650211026196097,ok,50.01182020977397,Red Sea / Bab el-Mandeb / Suez,0.271,0.35,13.553203276848748,17.50413707342089,17.50413707342089,,
2026-04-21,strait_of_hormuz,1350.80374454343,2038,30910,4891,2871,0.04370118875908864,ok,100.0,Strait of Hormuz,0.336,0.0,33.6,0.0,33.6,,
2026-04-21,strait_of_malacca,169.32728865452225,242,30910,4891,2871,0.005478074689567203,ok,100.0,Strait of Malacca,0.0,0.55,0.0,55.00000000000001,55.00000000000001,,
2026-04-21,taiwan_south_china_sea,438.5977058173115,653,30910,4891,2871,0.014189508437958962,ok,100.0,Taiwan Strait / South China Sea,0.0,0.55,0.0,55.00000000000001,55.00000000000001,,
2026-04-22,cape_of_good_hope,37.85866102856921,58,32203,5177,2852,0.0011756252842458532,ok,94.77633262015537,Cape of Good Hope,0.136,0.0,12.889581236341131,0.0,12.889581236341131,,
2026-04-22,danish_straits_baltic,289.70906836777874,424,32203,5177,2852,0.00899633786814206,ok,51.59313516180841,Danish Straits / Baltic,0.176,0.0,9.08039178847828,0.0,9.08039178847828,,
2026-04-22,red_sea_suez,216.6204635048093,314,32203,5177,2852,0.00672671687435361,ok,52.62545811020571,Red Sea / Bab el-Mandeb / Suez,0.271,0.35,14.261499147865749,18.418910338571997,18.418910338571997,,
2026-04-22,strait_of_hormuz,1450.2935703304404,2174,32203,5177,2852,0.045035977093141645,ok,100.0,Strait of Hormuz,0.336,0.0,33.6,0.0,33.6,,
2026-04-22,strait_of_malacca,112.61709716844838,175,32203,5177,2852,0.003497099561172822,ok,100.0,Strait of Malacca,0.0,0.55,0.0,55.00000000000001,55.00000000000001,,
2026-04-22,taiwan_south_china_sea,367.1843681325523,536,32203,5177,2852,0.01140217893154527,ok,97.68217220241266,Taiwan Strait / South China Sea,0.0,0.55,0.0,53.725194711326964,53.725194711326964,,
2026-04-23,cape_of_good_hope,54.415662116684025,90,32883,5222,3124,0.0016548265704675372,ok,100.0,Cape of Good Hope,0.136,0.0,13.600000000000001,0.0,13.600000000000001,,
2026-04-23,danish_straits_baltic,293.7816164391505,423,32883,5222,3124,0.008934148844057736,ok,51.05908861954775,Danish Straits / Baltic,0.176,0.0,8.986399597040403,0.0,8.986399597040403,,
2026-04-23,red_sea_suez,199.42826310223927,288,32883,5222,3124,0.006064783112922765,ok,45.05200025336796,Red Sea / Bab el-Mandeb / Suez,0.271,0.35,12.209092068662716,15.768200088678784,15.768200088678784,,
2026-04-23,strait_of_hormuz,1556.4764507832815,2330,32883,5222,3124,0.047333772793944635,ok,100.0,Strait of Hormuz,0.336,0.0,33.6,0.0,33.6,,
2026-04-23,strait_of_malacca,135.05420279926264,211,32883,5222,3124,0.004107113183081308,ok,100.0,Strait of Malacca,0.0,0.55,0.0,55.00000000000001,55.00000000000001,,
2026-04-23,taiwan_south_china_sea,432.0869003777055,655,32883,5222,3124,0.013140130169926876,ok,100.0,Taiwan Strait / South China Sea,0.0,0.55,0.0,55.00000000000001,55.00000000000001,,
2026-04-24,cape_of_good_hope,25.4659678043219,42,30242,4602,2775,0.0008420728723074498,ok,54.71819195612751,Cape of Good Hope,0.136,0.0,7.441674106033342,0.0,7.441674106033342,,
2026-04-24,danish_straits_baltic,413.2297020976554,604,30242,4602,2775,0.01366409966594985,ok,100.0,Danish Straits / Baltic,0.176,0.0,17.599999999999998,0.0,17.599999999999998,,
2026-04-24,red_sea_suez,156.27607426060578,223,30242,4602,2775,0.005167517831512657,ok,35.43350731371172,Red Sea / Bab el-Mandeb / Suez,0.271,0.35,9.602480482015878,12.401727559799102,12.401727559799102,,
2026-04-24,strait_of_hormuz,1401.4307246440571,2069,30242,4602,2775,0.04634054376840345,ok,100.0,Strait of Hormuz,0.336,0.0,33.6,0.0,33.6,,
2026-04-24,strait_of_malacca,141.26284216824484,211,30242,4602,2775,0.004671081349389751,ok,100.0,Strait of Malacca,0.0,0.55,0.0,55.00000000000001,55.00000000000001,,
2026-04-24,taiwan_south_china_sea,360.7166091168408,547,30242,4602,2775,0.011927670429099953,ok,100.0,Taiwan Strait / South China Sea,0.0,0.55,0.0,55.00000000000001,55.00000000000001,,
2026-04-25,cape_of_good_hope,12.460951654213355,19,17903,3072,1927,0.0006960258981295512,ok,41.11926307495274,Cape of Good Hope,0.136,0.0,5.592219778193573,0.0,5.592219778193573,,
2026-04-25,danish_straits_baltic,386.954527740545,561,17903,3072,1927,0.021613948932611576,ok,100.0,Danish Straits / Baltic,0.176,0.0,17.599999999999998,0.0,17.599999999999998,,
2026-04-25,red_sea_suez,201.42550394880578,288,17903,3072,1927,0.01125093581795262,ok,100.0,Red Sea / Bab el-Mandeb / Suez,0.271,0.35,27.1,35.0,35.0,,
2026-04-25,strait_of_hormuz,877.9484103200446,1325,17903,3072,1927,0.0490391783678738,ok,100.0,Strait of Hormuz,0.336,0.0,33.6,0.0,33.6,,
2026-04-25,strait_of_malacca,45.520115061555884,64,17903,3072,1927,0.0025425970542119133,ok,100.0,Strait of Malacca,0.0,0.55,0.0,55.00000000000001,55.00000000000001,,
2026-04-25,taiwan_south_china_sea,238.23488264870662,353,17903,3072,1927,0.01330698110086056,ok,100.0,Taiwan Strait / South China Sea,0.0,0.55,0.0,55.00000000000001,55.00000000000001,,
2026-04-26,cape_of_good_hope,56.339379850732016,78,15874,3333,1579,0.0035491608826213944,ok,100.0,Cape of Good Hope,0.136,0.0,13.600000000000001,0.0,13.600000000000001,,
2026-04-26,danish_straits_baltic,329.86087473845805,461,15874,3333,1579,0.020779946751824246,ok,100.0,Danish Straits / Baltic,0.176,0.0,17.599999999999998,0.0,17.599999999999998,,
2026-04-26,red_sea_suez,104.27103217506297,151,15874,3333,1579,0.00656866776962725,ok,50.78168548101254,Red Sea / Bab el-Mandeb / Suez,0.271,0.35,13.7618367653544,17.773589918354386,17.773589918354386,,
2026-04-26,strait_of_hormuz,671.5459704961316,986,15874,3333,1579,0.042304773245315085,ok,100.0,Strait of Hormuz,0.336,0.0,33.6,0.0,33.6,,
2026-04-26,strait_of_malacca,28.82382214253206,44,15874,3333,1579,0.001815788216110121,ok,73.31863251112796,Strait of Malacca,0.0,0.55,0.0,40.32524788112038,40.32524788112038,,
2026-04-26,taiwan_south_china_sea,147.27703794407523,221,15874,3333,1579,0.009277878162030694,ok,68.28372884956384,Taiwan Strait / South China Sea,0.0,0.55,0.0,37.55605086726012,37.55605086726012,,
2026-04-27,cape_of_good_hope,23.354499720872067,39,27138,4570,2563,0.0008605829361364901,ok,56.53225633154817,Cape of Good Hope,0.136,0.0,7.688386861090551,0.0,7.688386861090551,,
2026-04-27,danish_straits_baltic,611.7760399710735,888,27138,4570,2563,0.022543151299693177,ok,100.0,Danish Straits / Baltic,0.176,0.0,17.599999999999998,0.0,17.599999999999998,,
2026-04-27,red_sea_suez,232.47107277584408,343,27138,4570,2563,0.00856625664293036,ok,79.40851744429821,Red Sea / Bab el-Mandeb / Suez,0.271,0.35,21.519708227404816,27.792981105504374,27.792981105504374,,
2026-04-27,strait_of_hormuz,1154.7346816696293,1739,27138,4570,2563,0.04255047098789996,ok,100.0,Strait of Hormuz,0.336,0.0,33.6,0.0,33.6,,
2026-04-27,strait_of_malacca,93.94265670394478,134,27138,4570,2563,0.0034616647027763572,ok,100.0,Strait of Malacca,0.0,0.55,0.0,55.00000000000001,55.00000000000001,,
2026-04-27,taiwan_south_china_sea,327.6398097941978,491,27138,4570,2563,0.01207310081045758,ok,100.0,Taiwan Strait / South China Sea,0.0,0.55,0.0,55.00000000000001,55.00000000000001,,
2026-04-28,cape_of_good_hope,21.281198280606898,34,31191,4864,2881,0.0006822865018949985,ok,39.907763776716976,Cape of Good Hope,0.136,0.0,5.427455873633509,0.0,5.427455873633509,,
2026-04-28,danish_straits_baltic,522.0117741013419,756,31191,4864,2881,0.016735974290703788,ok,100.0,Danish Straits / Baltic,0.176,0.0,17.599999999999998,0.0,17.599999999999998,,
2026-04-28,red_sea_suez,352.0466151559793,495,31191,4864,2881,0.011286801165591975,ok,100.0,Red Sea / Bab el-Mandeb / Suez,0.271,0.35,27.1,35.0,35.0,,
2026-04-28,strait_of_hormuz,1460.0092862048184,2198,31191,4864,2881,0.04680867193116022,ok,100.0,Strait of Hormuz,0.336,0.0,33.6,0.0,33.6,,
2026-04-28,strait_of_malacca,80.11802509675796,128,31191,4864,2881,0.0025686263696822146,ok,100.0,Strait of Malacca,0.0,0.55,0.0,55.00000000000001,55.00000000000001,,
2026-04-28,taiwan_south_china_sea,394.83616657350126,577,31191,4864,2881,0.012658656874531155,ok,100.0,Taiwan Strait / South China Sea,0.0,0.55,0.0,55.00000000000001,55.00000000000001,,
2026-04-29,cape_of_good_hope,33.43208399653653,51,32067,5599,3462,0.001042569744489242,ok,75.38152166291914,Cape of Good Hope,0.136,0.0,10.251886946157004,0.0,10.251886946157004,,
2026-04-29,danish_straits_baltic,549.954554274442,822,32067,5599,3462,0.01715017164918583,ok,100.0,Danish Straits / Baltic,0.176,0.0,17.599999999999998,0.0,17.599999999999998,,
2026-04-29,red_sea_suez,350.13155865256755,537,32067,5599,3462,0.010918750074923366,ok,100.0,Red Sea / Bab el-Mandeb / Suez,0.271,0.35,27.1,35.0,35.0,,
2026-04-29,strait_of_hormuz,1661.6349256238575,2427,32067,5599,3462,0.051817598329243694,ok,100.0,Strait of Hormuz,0.336,0.0,33.6,0.0,33.6,,
2026-04-29,strait_of_malacca,54.93310338194716,86,32067,5599,3462,0.0017130727346476803,ok,63.98688544671304,Strait of Malacca,0.0,0.55,0.0,35.192786995692174,35.192786995692174,,
2026-04-29,taiwan_south_china_sea,401.1716354486075,593,32067,5599,3462,0.012510419916069713,ok,100.0,Taiwan Strait / South China Sea,0.0,0.55,0.0,55.00000000000001,55.00000000000001,,
2026-04-30,cape_of_good_hope,16.538177905454653,24,32589,5026,2957,0.0005074773053930667,ok,25.599539997536837,Cape of Good Hope,0.136,0.0,3.48153743966501,0.0,3.48153743966501,,
2026-04-30,danish_straits_baltic,427.40251688059976,617,32589,5026,2957,0.01311493193656141,ok,95.35240333898206,Danish Straits / Baltic,0.176,0.0,16.78202298766084,0.0,16.78202298766084,,
2026-04-30,red_sea_suez,149.30642839161402,212,32589,5026,2957,0.0045814976952841145,ok,29.58028642795703,Red Sea / Bab el-Mandeb / Suez,0.271,0.35,8.016257621976356,10.35310024978496,10.35310024978496,,
2026-04-30,strait_of_hormuz,1383.8331727529735,2079,32589,5026,2957,0.042463198402926554,ok,100.0,Strait of Hormuz,0.336,0.0,33.6,0.0,33.6,,
2026-04-30,strait_of_malacca,57.812162438264195,96,32589,5026,2957,0.0017739777973630427,ok,70.80090943440013,Strait of Malacca,0.0,0.55,0.0,38.94050018892007,38.94050018892007,,
2026-04-30,taiwan_south_china_sea,311.1344952742767,481,32589,5026,2957,0.009547224378602493,ok,71.27872551359715,Taiwan Strait / South China Sea,0.0,0.55,0.0,39.203299032478434,39.203299032478434,,
2026-05-01,cape_of_good_hope,36.87418599684401,54,29009,4621,2821,0.001271129166701507,ok,100.0,Cape of Good Hope,0.136,0.0,13.600000000000001,0.0,13.600000000000001,,
2026-05-01,danish_straits_baltic,312.26458178176927,478,29009,4621,2821,0.010764403522416121,ok,67.52712156342817,Danish Straits / Baltic,0.176,0.0,11.884773395163357,0.0,11.884773395163357,,
2026-05-01,red_sea_suez,158.90644281819988,244,29009,4621,2821,0.005477832493991515,ok,38.67268165843977,Red Sea / Bab el-Mandeb / Suez,0.271,0.35,10.480296729437178,13.535438580453919,13.535438580453919,,
2026-05-01,strait_of_hormuz,1323.0388855409706,1980,29009,4621,2821,0.04560787636736773,ok,100.0,Strait of Hormuz,0.336,0.0,33.6,0.0,33.6,,
2026-05-01,strait_of_malacca,63.143389650848015,96,29009,4621,2821,0.002176682741592196,ok,96.22972993844728,Strait of Malacca,0.0,0.55,0.0,52.92635146614601,52.92635146614601,,
2026-05-01,taiwan_south_china_sea,384.16566197651144,565,29009,4621,2821,0.013242981901358593,ok,100.0,Taiwan Strait / South China Sea,0.0,0.55,0.0,55.00000000000001,55.00000000000001,,
2026-05-02,cape_of_good_hope,21.623603521807183,29,18046,3337,2286,0.0011982491145853477,ok,97.52527821103287,Cape of Good Hope,0.136,0.0,13.26343783670047,0.0,13.26343783670047,,
2026-05-02,danish_straits_baltic,301.08771781612035,446,18046,3337,2286,0.016684457376488993,ok,100.0,Danish Straits / Baltic,0.176,0.0,17.599999999999998,0.0,17.599999999999998,,
2026-05-02,red_sea_suez,79.058875468282,114,18046,3337,2286,0.004380963951473013,ok,27.659586658377865,Red Sea / Bab el-Mandeb / Suez,0.271,0.35,7.495747984420402,9.680855330432252,9.680855330432252,,
2026-05-02,strait_of_hormuz,1182.720020547651,1788,18046,3337,2286,0.06553917879572488,ok,100.0,Strait of Hormuz,0.336,0.0,33.6,0.0,33.6,,
2026-05-02,strait_of_malacca,31.675683032216835,52,18046,3337,2286,0.0017552744670407201,ok,66.36587432429705,Strait of Malacca,0.0,0.55,0.0,36.50123087836338,36.50123087836338,,
2026-05-02,taiwan_south_china_sea,251.18206385969435,373,18046,3337,2286,0.01391898835529726,ok,100.0,Taiwan Strait / South China Sea,0.0,0.55,0.0,55.00000000000001,55.00000000000001,,
2026-05-03,cape_of_good_hope,40.44209054159687,60,14989,2672,1860,0.0026981179892986104,ok,100.0,Cape of Good Hope,0.136,0.0,13.600000000000001,0.0,13.600000000000001,,
2026-05-03,danish_straits_baltic,331.7258721163049,493,14989,2672,1860,0.022131287752105204,ok,100.0,Danish Straits / Baltic,0.176,0.0,17.599999999999998,0.0,17.599999999999998,,
2026-05-03,red_sea_suez,194.88339003717965,285,14989,2672,1860,0.013001760626938398,ok,100.0,Red Sea / Bab el-Mandeb / Suez,0.271,0.35,27.1,35.0,35.0,,
2026-05-03,strait_of_hormuz,889.8247945791104,1337,14989,2672,1860,0.05936518744273203,ok,100.0,Strait of Hormuz,0.336,0.0,33.6,0.0,33.6,,
2026-05-03,strait_of_malacca,28.83648725584082,44,14989,2672,1860,0.0019238433021442937,ok,79.95969147178684,Strait of Malacca,0.0,0.55,0.0,43.97783030948276,43.97783030948276,,
2026-05-03,taiwan_south_china_sea,162.40672159257306,248,14989,2672,1860,0.010835060483859701,ok,90.4858229668624,Taiwan Strait / South China Sea,0.0,0.55,0.0,49.767202631774325,49.767202631774325,,
2026-05-04,cape_of_good_hope,36.30161243186328,57,26566,4080,2547,0.0013664688862404307,ok,100.0,Cape of Good Hope,0.136,0.0,13.600000000000001,0.0,13.600000000000001,,
2026-05-04,danish_straits_baltic,317.33457131023357,471,26566,4080,2547,0.011945139325085959,ok,78.93690832088876,Danish Straits / Baltic,0.176,0.0,13.89289586447642,0.0,13.89289586447642,,
2026-05-04,red_sea_suez,99.22820684495989,148,26566,4080,2547,0.0037351579780531465,ok,21.774822766042874,Red Sea / Bab el-Mandeb / Suez,0.271,0.35,5.900976969597619,7.621187968115005,7.621187968115005,,
2026-05-04,strait_of_hormuz,1245.8279001012545,1847,26566,4080,2547,0.04689557705718793,ok,100.0,Strait of Hormuz,0.336,0.0,33.6,0.0,33.6,,
2026-05-04,strait_of_malacca,36.86229445530947,55,26566,4080,2547,0.0013875741344315843,ok,46.64569417401746,Strait of Malacca,0.0,0.55,0.0,25.655131795709604,25.655131795709604,,
2026-05-04,taiwan_south_china_sea,283.75209971315877,416,26566,4080,2547,0.01068102460713539,ok,88.56311920608636,Taiwan Strait / South China Sea,0.0,0.55,0.0,48.7097155633475,48.7097155633475,,
2026-05-05,cape_of_good_hope,28.895044082370614,43,31559,4267,2498,0.0009155880757429137,ok,62.03794674506729,Cape of Good Hope,0.136,0.0,8.437160757329151,0.0,8.437160757329151,,
2026-05-05,danish_straits_baltic,298.5793842707552,433,31559,4267,2498,0.009460990027274477,ok,55.64141427825283,Danish Straits / Baltic,0.176,0.0,9.792888912972497,0.0,9.792888912972497,,
2026-05-05,red_sea_suez,235.95634635365505,325,31559,4267,2498,0.0074766737334407,ok,64.75049747534227,Red Sea / Bab el-Mandeb / Suez,0.271,0.35,17.547384815817757,22.662674116369793,22.662674116369793,,
2026-05-05,strait_of_hormuz,1169.7615086375552,1747,31559,4267,2498,0.03706586104241437,ok,90.97208516594229,Strait of Hormuz,0.336,0.0,30.566620615756612,0.0,30.566620615756612,,
2026-05-05,strait_of_malacca,117.39692684449933,166,31559,4267,2498,0.0037199190989733303,ok,100.0,Strait of Malacca,0.0,0.55,0.0,55.00000000000001,55.00000000000001,,
2026-05-05,taiwan_south_china_sea,327.0477775478917,486,31559,4267,2498,0.010363058954589553,ok,84.63801782801012,Taiwan Strait / South China Sea,0.0,0.55,0.0,46.55090980540557,46.55090980540557,,
2026-05-06,cape_of_good_hope,49.05809753370125,70,33138,4555,2863,0.0014804181765254768,ok,100.0,Cape of Good Hope,0.136,0.0,13.600000000000001,0.0,13.600000000000001,,
2026-05-06,danish_straits_baltic,392.8605168746346,574,33138,4555,2863,0.011855287490935921,ok,78.04793524865413,Danish Straits / Baltic,0.176,0.0,13.736436603763126,0.0,13.736436603763126,,
2026-05-06,red_sea_suez,205.96791214201713,294,33138,4555,2863,0.00621545995962391,ok,46.74133108249703,Red Sea / Bab el-Mandeb / Suez,0.271,0.35,12.666900723356695,16.35946587887396,16.35946587887396,,
2026-05-06,strait_of_hormuz,1413.9430937617065,2091,33138,4555,2863,0.042668329222092655,ok,100.0,Strait of Hormuz,0.336,0.0,33.6,0.0,33.6,,
2026-05-06,strait_of_malacca,56.73786669047066,90,33138,4555,2863,0.0017121693128876413,ok,63.93627505399236,Strait of Malacca,0.0,0.55,0.0,35.1649512796958,35.1649512796958,,
2026-05-06,taiwan_south_china_sea,461.60875809337557,677,33138,4555,2863,0.013929891909390294,ok,100.0,Taiwan Strait / South China Sea,0.0,0.55,0.0,55.00000000000001,55.00000000000001,,
2026-05-07,cape_of_good_hope,36.07660413088901,55,32505,4579,2726,0.0011098786073185359,ok,86.93801972002588,Cape of Good Hope,0.136,0.0,11.82357068192352,0.0,11.82357068192352,,
2026-05-07,danish_straits_baltic,335.9893374985345,496,32505,4579,2726,0.01033654322407428,ok,63.5413255894097,Danish Straits / Baltic,0.176,0.0,11.183273303736106,0.0,11.183273303736106,,
2026-05-07,red_sea_suez,214.52027918578398,311,32505,4579,2726,0.006599608650539424,ok,51.140908756967804,Red Sea / Bab el-Mandeb / Suez,0.271,0.35,13.859186273138276,17.89931806493873,17.89931806493873,,
2026-05-07,strait_of_hormuz,1208.0665277150854,1823,32505,4579,2726,0.037165559997387645,ok,91.33937400487736,Strait of Hormuz,0.336,0.0,30.690029665638793,0.0,30.690029665638793,,
2026-05-07,strait_of_malacca,96.96435060777172,149,32505,4579,2726,0.002983059548000976,ok,100.0,Strait of Malacca,0.0,0.55,0.0,55.00000000000001,55.00000000000001,,
2026-05-07,taiwan_south_china_sea,416.0190771895589,648,32505,4579,2726,0.012798617972298382,ok,100.0,Taiwan Strait / South China Sea,0.0,0.55,0.0,55.00000000000001,55.00000000000001,,
2026-05-08,cape_of_good_hope,36.655806951884685,58,29845,4173,2456,0.001228205962535925,ok,100.0,Cape of Good Hope,0.136,0.0,13.600000000000001,0.0,13.600000000000001,,
2026-05-08,danish_straits_baltic,492.20062831698687,696,29845,4173,2456,0.016491895738548732,ok,100.0,Danish Straits / Baltic,0.176,0.0,17.599999999999998,0.0,17.599999999999998,,
2026-05-08,red_sea_suez,184.16894390596883,260,29845,4173,2456,0.006170847508995437,ok,46.23899520013471,Red Sea / Bab el-Mandeb / Suez,0.271,0.35,12.530767699236508,16.183648320047148,16.183648320047148,,
2026-05-08,strait_of_hormuz,1106.620532530071,1628,29845,4173,2456,0.03707892553292246,ok,91.02018638215552,Strait of Hormuz,0.336,0.0,30.582782624404256,0.0,30.582782624404256,,
2026-05-08,strait_of_malacca,100.67129012586675,151,29845,4173,2456,0.0033731375481945635,ok,100.0,Strait of Malacca,0.0,0.55,0.0,55.00000000000001,55.00000000000001,,
2026-05-08,taiwan_south_china_sea,400.20053720601436,598,29845,4173,2456,0.013409299286514135,ok,100.0,Taiwan Strait / South China Sea,0.0,0.55,0.0,55.00000000000001,55.00000000000001,,
2026-05-09,cape_of_good_hope,10.11921587947609,15,18101,2575,1584,0.0005590418142354616,ok,29.598769916000933,Cape of Good Hope,0.136,0.0,4.025432708576127,0.0,4.025432708576127,,
2026-05-09,danish_straits_baltic,397.5434469441187,566,18101,2575,1584,0.02196251295199816,ok,100.0,Danish Straits / Baltic,0.176,0.0,17.599999999999998,0.0,17.599999999999998,,
2026-05-09,red_sea_suez,125.18502955645859,176,18101,2575,1584,0.00691591788058442,ok,57.60434027648127,Red Sea / Bab el-Mandeb / Suez,0.271,0.35,15.610776214926425,20.16151909676844,20.16151909676844,,
2026-05-09,strait_of_hormuz,628.3924291289466,956,18101,2575,1584,0.03471589575873966,ok,82.45928653688308,Strait of Hormuz,0.336,0.0,27.706320276392717,0.0,27.706320276392717,,
2026-05-09,strait_of_malacca,75.51847207176661,107,18101,2575,1584,0.004172060774087985,ok,100.0,Strait of Malacca,0.0,0.55,0.0,55.00000000000001,55.00000000000001,,
2026-05-09,taiwan_south_china_sea,186.67287148055797,283,18101,2575,1584,0.010312848543205235,ok,84.02363968763565,Taiwan Strait / South China Sea,0.0,0.55,0.0,46.21300182819961,46.21300182819961,,
2026-05-10,cape_of_good_hope,33.67846944918932,49,14637,2290,1445,0.0023009134009147588,ok,100.0,Cape of Good Hope,0.136,0.0,13.600000000000001,0.0,13.600000000000001,,
2026-05-10,danish_straits_baltic,255.51424933441243,363,14637,2290,1445,0.017456736307604866,ok,100.0,Danish Straits / Baltic,0.176,0.0,17.599999999999998,0.0,17.599999999999998,,
2026-05-10,red_sea_suez,165.88050360214527,239,14637,2290,1445,0.011332957819371816,ok,100.0,Red Sea / Bab el-Mandeb / Suez,0.271,0.35,27.1,35.0,35.0,,
2026-05-10,strait_of_hormuz,638.3998265701215,940,14637,2290,1445,0.043615483129748,ok,100.0,Strait of Hormuz,0.336,0.0,33.6,0.0,33.6,,
2026-05-10,strait_of_malacca,47.249929614332466,72,14637,2290,1445,0.003228115707749707,ok,100.0,Strait of Malacca,0.0,0.55,0.0,55.00000000000001,55.00000000000001,,
2026-05-10,taiwan_south_china_sea,189.4594489554616,276,14637,2290,1445,0.012943871623656596,ok,100.0,Taiwan Strait / South China Sea,0.0,0.55,0.0,55.00000000000001,55.00000000000001,,
2026-05-11,cape_of_good_hope,24.92594849587683,42,27112,3685,2199,0.0009193695963365606,ok,62.42268281398523,Cape of Good Hope,0.136,0.0,8.489484862701993,0.0,8.489484862701993,,
2026-05-11,danish_straits_baltic,333.07965817345894,479,27112,3685,2199,0.01228532229910958,ok,82.33284352541754,Danish Straits / Baltic,0.176,0.0,14.490580460473486,0.0,14.490580460473486,,
2026-05-11,red_sea_suez,152.1713013096313,222,27112,3685,2199,0.005612691845294751,ok,40.10956615114691,Red Sea / Bab el-Mandeb / Suez,0.271,0.35,10.869692426960812,14.038348152901417,14.038348152901417,,
2026-05-11,strait_of_hormuz,969.134775091156,1436,27112,3685,2199,0.03574560250409988,ok,86.15509027501199,Strait of Hormuz,0.336,0.0,28.948110332404028,0.0,28.948110332404028,,
2026-05-11,strait_of_malacca,65.61212270780274,94,27112,3685,2199,0.0024200399346342113,ok,100.0,Strait of Malacca,0.0,0.55,0.0,55.00000000000001,55.00000000000001,,
2026-05-11,taiwan_south_china_sea,492.84353974917525,731,27112,3685,2199,0.01817805915274326,ok,100.0,Taiwan Strait / South China Sea,0.0,0.55,0.0,55.00000000000001,55.00000000000001,,
2026-05-12,cape_of_good_hope,23.481479440703513,37,31824,4949,3037,0.0007378544318974206,ok,44.88107585988633,Cape of Good Hope,0.136,0.0,6.1038263169445415,0.0,6.1038263169445415,,
2026-05-12,danish_straits_baltic,441.6325170629545,644,31824,4949,3037,0.013877341536669007,ok,100.0,Danish Straits / Baltic,0.176,0.0,17.599999999999998,0.0,17.599999999999998,,
2026-05-12,red_sea_suez,156.58624666993245,228,31824,4949,3037,0.004920382311146696,ok,32.92224474424565,Red Sea / Bab el-Mandeb / Suez,0.271,0.35,8.921928325690573,11.522785660485978,11.522785660485978,,
2026-05-12,strait_of_hormuz,1407.6301711776748,2089,31824,4949,3037,0.04423171729442166,ok,100.0,Strait of Hormuz,0.336,0.0,33.6,0.0,33.6,,
2026-05-12,strait_of_malacca,63.907116901017346,101,31824,4949,3037,0.002008142185175256,ok,85.27235464809362,Strait of Malacca,0.0,0.55,0.0,46.899795056451495,46.899795056451495,,
2026-05-12,taiwan_south_china_sea,762.883491103592,1095,31824,4949,3037,0.02397195484865485,ok,100.0,Taiwan Strait / South China Sea,0.0,0.55,0.0,55.00000000000001,55.00000000000001,,
2026-05-13,cape_of_good_hope,21.21797187251915,33,32707,4599,2839,0.0006487287697593527,ok,37.000020212027344,Cape of Good Hope,0.136,0.0,5.032002748835719,0.0,5.032002748835719,,
2026-05-13,danish_straits_baltic,424.0029714438253,611,32707,4599,2839,0.012963676627138696,ok,93.70761101335415,Danish Straits / Baltic,0.176,0.0,16.49253953835033,0.0,16.49253953835033,,
2026-05-13,red_sea_suez,134.5749808882229,205,32707,4599,2839,0.00411456204751958,ok,25.17541220548764,Red Sea / Bab el-Mandeb / Suez,0.271,0.35,6.822536707687151,8.811394271920673,8.811394271920673,,
2026-05-13,strait_of_hormuz,1292.5977470042062,1897,32707,4599,2839,0.0395205230380104,ok,100.0,Strait of Hormuz,0.336,0.0,33.6,0.0,33.6,,
2026-05-13,strait_of_malacca,51.75229075206466,82,32707,4599,2839,0.0015823001422345265,ok,56.80159981978957,Strait of Malacca,0.0,0.55,0.0,31.240879900884266,31.240879900884266,,
2026-05-13,taiwan_south_china_sea,765.1812094289908,1114,32707,4599,2839,0.023395028875439226,ok,100.0,Taiwan Strait / South China Sea,0.0,0.55,0.0,55.00000000000001,55.00000000000001,,
2026-05-14,cape_of_good_hope,55.29489905592397,86,30881,4299,2477,0.0017905799376938562,ok,100.0,Cape of Good Hope,0.136,0.0,13.600000000000001,0.0,13.600000000000001,,
2026-05-14,danish_straits_baltic,342.9274752287967,511,30881,4299,2477,0.011104804741711626,ok,70.75541346955359,Danish Straits / Baltic,0.176,0.0,12.452952770641431,0.0,12.452952770641431,,
2026-05-14,red_sea_suez,131.9291655965882,200,30881,4299,2477,0.00427217919097789,ok,26.635776176926907,Red Sea / Bab el-Mandeb / Suez,0.271,0.35,7.218295343947192,9.322521661924418,9.322521661924418,,
2026-05-14,strait_of_hormuz,1068.6793602991647,1598,30881,4299,2477,0.03460637156501294,ok,82.06937178219323,Strait of Hormuz,0.336,0.0,27.575308918816926,0.0,27.575308918816926,,
2026-05-14,strait_of_malacca,59.56175587579477,91,30881,4299,2477,0.001928750878397551,ok,80.26584303869616,Strait of Malacca,0.0,0.55,0.0,44.146213671282894,44.146213671282894,,
2026-05-14,taiwan_south_china_sea,762.7279152610164,1136,30881,4299,2477,0.024698938352417876,ok,100.0,Taiwan Strait / South China Sea,0.0,0.55,0.0,55.00000000000001,55.00000000000001,,
2026-05-15,cape_of_good_hope,33.740363987903116,50,30540,4165,2353,0.0011047925339850398,ok,86.34110824262416,Cape of Good Hope,0.136,0.0,11.742390720996886,0.0,11.742390720996886,,
2026-05-15,danish_straits_baltic,370.0122965539598,557,30540,4165,2353,0.012115661314798945,ok,80.63321379804633,Danish Straits / Baltic,0.176,0.0,14.191445628456153,0.0,14.191445628456153,,
2026-05-15,red_sea_suez,180.20176705749043,255,30540,4165,2353,0.005900516275621821,ok,43.234076361680906,Red Sea / Bab el-Mandeb / Suez,0.271,0.35,11.716434694015526,15.131926726588317,15.131926726588317,,
2026-05-15,strait_of_hormuz,1034.0267917134652,1549,30540,4165,2353,0.03385811367758563,ok,79.4220600388873,Strait of Hormuz,0.336,0.0,26.685812173066132,0.0,26.685812173066132,,
2026-05-15,strait_of_malacca,63.76337951716256,97,30540,4165,2353,0.0020878644242685843,ok,90.40032828838501,Strait of Malacca,0.0,0.55,0.0,49.72018055861176,49.72018055861176,,
2026-05-15,taiwan_south_china_sea,623.7087419842322,952,30540,4165,2353,0.020422683103609438,ok,100.0,Taiwan Strait / South China Sea,0.0,0.55,0.0,55.00000000000001,55.00000000000001,,
2026-05-16,cape_of_good_hope,26.677240763283372,40,17747,2832,1619,0.0015031972030925436,ok,100.0,Cape of Good Hope,0.136,0.0,13.600000000000001,0.0,13.600000000000001,,
2026-05-16,danish_straits_baltic,235.89654997410582,355,17747,2832,1619,0.013292193045253047,ok,97.29209210202765,Danish Straits / Baltic,0.176,0.0,17.123408209956867,0.0,17.123408209956867,,
2026-05-16,red_sea_suez,143.0196887522156,199,17747,2832,1619,0.008058809305923006,ok,72.45807373135182,Red Sea / Bab el-Mandeb / Suez,0.271,0.35,19.636137981196345,25.360325805973133,25.360325805973133,,
2026-05-16,strait_of_hormuz,582.2232353892499,898,17747,2832,1619,0.032806853856384176,ok,75.7519619411903,Strait of Hormuz,0.336,0.0,25.452659212239944,0.0,25.452659212239944,,
2026-05-16,strait_of_malacca,22.135111650339603,33,17747,2832,1619,0.0012472593480779626,ok,39.7523143976006,Strait of Malacca,0.0,0.55,0.0,21.863772918680333,21.863772918680333,,
2026-05-16,taiwan_south_china_sea,330.4360077327703,521,17747,2832,1619,0.01861926002889335,ok,100.0,Taiwan Strait / South China Sea,0.0,0.55,0.0,55.00000000000001,55.00000000000001,,
2026-05-17,cape_of_good_hope,12.668966682020782,19,14334,2311,1416,0.00088384028756947,ok,58.83935651417595,Cape of Good Hope,0.136,0.0,8.00215248592793,0.0,8.00215248592793,,
2026-05-17,danish_straits_baltic,293.61925238107887,425,14334,2311,1416,0.020484111370244095,ok,100.0,Danish Straits / Baltic,0.176,0.0,17.599999999999998,0.0,17.599999999999998,,
2026-05-17,red_sea_suez,136.82303829744558,215,14334,2311,1416,0.009545349399849698,ok,93.40458827918351,Red Sea / Bab el-Mandeb / Suez,0.271,0.35,25.312643423658734,32.691605897714226,32.691605897714226,,
2026-05-17,strait_of_hormuz,473.3018796682639,687,14334,2311,1416,0.033019525580317004,ok,76.48975203142393,Strait of Hormuz,0.336,0.0,25.700556682558442,0.0,25.700556682558442,,
2026-05-17,strait_of_malacca,20.778219222270234,32,14334,2311,1416,0.0014495757794244616,ok,49.80680148903451,Strait of Malacca,0.0,0.55,0.0,27.393740818968983,27.393740818968983,,
2026-05-17,taiwan_south_china_sea,333.07982161163096,493,14334,2311,1416,0.023237046296332563,ok,100.0,Taiwan Strait / South China Sea,0.0,0.55,0.0,55.00000000000001,55.00000000000001,,
2026-05-18,cape_of_good_hope,35.56951190861005,56,26952,3999,2198,0.0013197355264399694,ok,100.0,Cape of Good Hope,0.136,0.0,13.600000000000001,0.0,13.600000000000001,,
2026-05-18,danish_straits_baltic,336.81730282771184,507,26952,3999,2198,0.012496931686988419,ok,88.69265915576115,Danish Straits / Baltic,0.176,0.0,15.609908011413962,0.0,15.609908011413962,,
2026-05-18,red_sea_suez,206.91124794326456,306,26952,3999,2198,0.007677027602525399,ok,67.37055398695836,Red Sea / Bab el-Mandeb / Suez,0.271,0.35,18.257420130465714,23.579693895435422,23.579693895435422,,
2026-05-18,strait_of_hormuz,869.189815326013,1334,26952,3999,2198,0.03224954791206638,ok,73.82992983719285,Strait of Hormuz,0.336,0.0,24.8068564252968,0.0,24.8068564252968,,
2026-05-18,strait_of_malacca,42.69681764261095,67,26952,3999,2198,0.0015841799362797178,ok,56.90285148431305,Strait of Malacca,0.0,0.55,0.0,31.296568316372177,31.296568316372177,,
2026-05-18,taiwan_south_china_sea,415.5439341747576,629,26952,3999,2198,0.015417925726282191,ok,100.0,Taiwan Strait / South China Sea,0.0,0.55,0.0,55.00000000000001,55.00000000000001,,
2026-05-19,cape_of_good_hope,65.57884651309078,93,31405,4305,2366,0.0020881657861197512,ok,100.0,Cape of Good Hope,0.136,0.0,13.600000000000001,0.0,13.600000000000001,,
2026-05-19,danish_straits_baltic,368.29641515968115,540,31405,4305,2366,0.011727317788876966,ok,76.78764068952839,Danish Straits / Baltic,0.176,0.0,13.514624761356995,0.0,13.514624761356995,,
2026-05-19,red_sea_suez,250.85032949845282,370,31405,4305,2366,0.007987592087197988,ok,71.49971036355134,Red Sea / Bab el-Mandeb / Suez,0.271,0.35,19.376421508522416,25.02489862724297,25.02489862724297,,
2026-05-19,strait_of_hormuz,1009.4069508068327,1539,31405,4305,2366,0.03214160008937535,ok,73.45954756573796,Strait of Hormuz,0.336,0.0,24.68240798208796,0.0,24.68240798208796,,
2026-05-19,strait_of_malacca,69.4826833424421,104,31405,4305,2366,0.002212472005809333,ok,98.61278919014859,Strait of Malacca,0.0,0.55,0.0,54.23703405458173,54.23703405458173,,
2026-05-19,taiwan_south_china_sea,367.6724312602266,554,31405,4305,2366,0.011707448854011353,ok,100.0,Taiwan Strait / South China Sea,0.0,0.55,0.0,55.00000000000001,55.00000000000001,,
2026-05-20,cape_of_good_hope,47.72435134136643,77,32366,4596,2672,0.0014745211438350872,ok,100.0,Cape of Good Hope,0.136,0.0,13.600000000000001,0.0,13.600000000000001,,
2026-05-20,danish_straits_baltic,469.8421474367953,683,32366,4596,2672,0.014516534246950359,ok,100.0,Danish Straits / Baltic,0.176,0.0,17.599999999999998,0.0,17.599999999999998,,
2026-05-20,red_sea_suez,146.62084720095464,217,32366,4596,2672,0.004530088586818101,ok,29.08380395669737,Red Sea / Bab el-Mandeb / Suez,0.271,0.35,7.881710872264987,10.17933138484408,10.17933138484408,,
2026-05-20,strait_of_hormuz,1146.1072558961341,1705,32366,4596,2672,0.03541084026126596,ok,84.9476477885911,Strait of Hormuz,0.336,0.0,28.542409656966612,0.0,28.542409656966612,,
2026-05-20,strait_of_malacca,51.3102487489012,78,32366,4596,2672,0.0015853132530711611,ok,56.963924555632026,Strait of Malacca,0.0,0.55,0.0,31.330158505597616,31.330158505597616,,
2026-05-20,taiwan_south_china_sea,390.9222267312221,588,32366,4596,2672,0.01207817545360014,ok,100.0,Taiwan Strait / South China Sea,0.0,0.55,0.0,55.00000000000001,55.00000000000001,,
2026-05-21,cape_of_good_hope,23.65167961996583,35,31999,4402,2503,0.0007391380861891256,ok,44.99824701087214,Cape of Good Hope,0.136,0.0,6.119761593478612,0.0,6.119761593478612,,
2026-05-21,danish_straits_baltic,371.2237879749845,576,31999,4402,2503,0.011601105908777914,ok,75.55137462456565,Danish Straits / Baltic,0.176,0.0,13.297041933923554,0.0,13.297041933923554,,
2026-05-21,red_sea_suez,171.02247897801817,247,31999,4402,2503,0.00534461948742205,ok,37.270597282274295,Red Sea / Bab el-Mandeb / Suez,0.271,0.35,10.100331863496335,13.044709048796003,13.044709048796003,,
2026-05-21,strait_of_hormuz,955.7823413437472,1446,31999,4402,2503,0.029869131577353894,ok,62.674604820121175,Strait of Hormuz,0.336,0.0,21.058667219560718,0.0,21.058667219560718,,
2026-05-21,strait_of_malacca,71.23859801116991,112,31999,4402,2503,0.0022262757589665274,ok,99.5371043376442,Strait of Malacca,0.0,0.55,0.0,54.74540738570431,54.74540738570431,,
2026-05-21,taiwan_south_china_sea,360.3801001967749,553,31999,4402,2503,0.011262230075839085,ok,95.88929455301619,Taiwan Strait / South China Sea,0.0,0.55,0.0,52.739112004158905,52.739112004158905,,
2026-05-22,cape_of_good_hope,25.312461332842382,40,29393,4352,2578,0.000861173113763222,ok,56.590420032556985,Cape of Good Hope,0.136,0.0,7.69629712442775,0.0,7.69629712442775,,
2026-05-22,danish_straits_baltic,552.7670281163796,855,29393,4352,2578,0.01880607723323171,ok,100.0,Danish Straits / Baltic,0.176,0.0,17.599999999999998,0.0,17.599999999999998,,
2026-05-22,red_sea_suez,143.4691684031244,206,29393,4352,2578,0.004881065845715796,ok,32.5284347554624,Red Sea / Bab el-Mandeb / Suez,0.271,0.35,8.81520581873031,11.384952164411839,11.384952164411839,,
2026-05-22,strait_of_hormuz,1149.49474215949,1740,29393,4352,2578,0.039107771991953526,ok,98.59198738760017,Strait of Hormuz,0.336,0.0,33.12690776223366,0.0,33.12690776223366,,
2026-05-22,strait_of_malacca,56.08484285306897,87,29393,4352,2578,0.0019081020260969949,ok,78.9803320422948,Strait of Malacca,0.0,0.55,0.0,43.43918262326215,43.43918262326215,,
2026-05-22,taiwan_south_china_sea,411.1692566800689,637,29393,4352,2578,0.013988679504646306,ok,100.0,Taiwan Strait / South China Sea,0.0,0.55,0.0,55.00000000000001,55.00000000000001,,
2026-05-23,cape_of_good_hope,16.274110016948967,25,17701,2451,1397,0.0009193893009970604,ok,62.42468966362639,Cape of Good Hope,0.136,0.0,8.489757794253189,0.0,8.489757794253189,,
2026-05-23,danish_straits_baltic,222.15350703050674,350,17701,2451,1397,0.012550336536382507,ok,89.26179984980072,Danish Straits / Baltic,0.176,0.0,15.710076773564927,0.0,15.710076773564927,,
2026-05-23,red_sea_suez,111.36964707824707,164,17701,2451,1397,0.006291714992274282,ok,47.60414050386742,Red Sea / Bab el-Mandeb / Suez,0.271,0.35,12.900722076548071,16.661449176353596,16.661449176353596,,
2026-05-23,strait_of_hormuz,562.2941425733064,835,17701,2451,1397,0.031766235951263,ok,72.17647127277708,Strait of Hormuz,0.336,0.0,24.2512943476531,0.0,24.2512943476531,,
2026-05-23,strait_of_malacca,18.081823110464835,29,17701,2451,1397,0.0010215142144774213,ok,29.464148080372567,Strait of Malacca,0.0,0.55,0.0,16.205281444204914,16.205281444204914,,
2026-05-23,taiwan_south_china_sea,181.74089292295247,276,17701,2451,1397,0.010267266986212782,ok,79.49256573605746,Taiwan Strait / South China Sea,0.0,0.55,0.0,43.720911154831605,43.720911154831605,,
2026-05-24,cape_of_good_hope,10.498506867198794,14,14207,2704,1688,0.0007389671899203768,ok,44.982641832075146,Cape of Good Hope,0.136,0.0,6.11763928916222,0.0,6.11763928916222,,
2026-05-24,danish_straits_baltic,268.67946548449953,378,14207,2704,1688,0.018911766416871933,ok,100.0,Danish Straits / Baltic,0.176,0.0,17.599999999999998,0.0,17.599999999999998,,
2026-05-24,red_sea_suez,240.79077887124083,345,14207,2704,1688,0.01694874208990222,ok,100.0,Red Sea / Bab el-Mandeb / Suez,0.271,0.35,27.1,35.0,35.0,,
2026-05-24,strait_of_hormuz,798.5098518696317,1166,14207,2704,1688,0.056205381281736584,ok,100.0,Strait of Hormuz,0.336,0.0,33.6,0.0,33.6,,
2026-05-24,strait_of_malacca,32.16654728375874,49,14207,2704,1688,0.0022641336864755923,ok,100.0,Strait of Malacca,0.0,0.55,0.0,55.00000000000001,55.00000000000001,,
2026-05-24,taiwan_south_china_sea,153.27611303191944,221,14207,2704,1688,0.010788774057290028,ok,89.90662141446059,Taiwan Strait / South China Sea,0.0,0.55,0.0,49.44864177795333,49.44864177795333,,
2026-05-25,cape_of_good_hope,28.676664697735117,43,18970,3332,1938,0.0015116850130593104,ok,100.0,Cape of Good Hope,0.136,0.0,13.600000000000001,0.0,13.600000000000001,,
2026-05-25,danish_straits_baltic,244.54423605068393,357,18970,3332,1938,0.012891103639993882,ok,92.92182530495349,Danish Straits / Baltic,0.176,0.0,16.354241253671812,0.0,16.354241253671812,,
2026-05-25,red_sea_suez,208.09431010494302,302,18970,3332,1938,0.010969652614915289,ok,100.0,Red Sea / Bab el-Mandeb / Suez,0.271,0.35,27.1,35.0,35.0,,
2026-05-25,strait_of_hormuz,795.3447968963292,1178,18970,3332,1938,0.04192645212948493,ok,100.0,Strait of Hormuz,0.336,0.0,33.6,0.0,33.6,,
2026-05-25,strait_of_malacca,83.39729198621977,122,18970,3332,1938,0.004396272640285702,ok,100.0,Strait of Malacca,0.0,0.55,0.0,55.00000000000001,55.00000000000001,,
2026-05-25,taiwan_south_china_sea,309.26675903377094,473,18970,3332,1938,0.016302939327030624,ok,100.0,Taiwan Strait / South China Sea,0.0,0.55,0.0,55.00000000000001,55.00000000000001,,
2026-05-26,cape_of_good_hope,43.06305051439114,66,28083,3733,2011,0.0015334205930417385,ok,100.0,Cape of Good Hope,0.136,0.0,13.600000000000001,0.0,13.600000000000001,,
2026-05-26,danish_straits_baltic,205.77162244264895,308,28083,3733,2011,0.007327266404680731,ok,37.92331173653704,Danish Straits / Baltic,0.176,0.0,6.674502865630518,0.0,6.674502865630518,,
2026-05-26,red_sea_suez,305.18158860758444,448,28083,3733,2011,0.010867129174503595,ok,100.0,Red Sea / Bab el-Mandeb / Suez,0.271,0.35,27.1,35.0,35.0,,
2026-05-26,strait_of_hormuz,889.6379118466755,1334,28083,3733,2011,0.031678877322461114,ok,71.87894307371873,Strait of Hormuz,0.336,0.0,24.151324872769496,0.0,24.151324872769496,,
2026-05-26,strait_of_malacca,24.170653967236696,40,28083,3733,2011,0.000860686321519663,ok,22.78739175110223,Strait of Malacca,0.0,0.55,0.0,12.533065463106228,12.533065463106228,,
2026-05-26,taiwan_south_china_sea,312.87610090722706,464,28083,3733,2011,0.011141120995165298,ok,94.34673314196885,Taiwan Strait / South China Sea,0.0,0.55,0.0,51.89070322808288,51.89070322808288,,
2026-05-27,cape_of_good_hope,47.17383460891022,69,29774,3797,2097,0.0015843969439413657,ok,100.0,Cape of Good Hope,0.136,0.0,13.600000000000001,0.0,13.600000000000001,,
2026-05-27,danish_straits_baltic,311.28926918256633,479,29774,3797,2097,0.01045507050388145,ok,64.63737812953309,Danish Straits / Baltic,0.176,0.0,11.376178550797823,0.0,11.376178550797823,,
2026-05-27,red_sea_suez,220.854675073841,312,29774,3797,2097,0.007417702528173608,ok,63.9859444565391,Red Sea / Bab el-Mandeb / Suez,0.271,0.35,17.340190947722096,22.395080559788685,22.395080559788685,,
2026-05-27,strait_of_hormuz,851.9213785304146,1264,29774,3797,2097,0.028612930023860235,ok,58.76262789358707,Strait of Hormuz,0.336,0.0,19.744242972245257,0.0,19.744242972245257,,
2026-05-27,strait_of_malacca,26.685307334082644,41,29774,3797,2097,0.0008962620855136241,ok,24.214739676301917,Strait of Malacca,0.0,0.55,0.0,13.318106821966056,13.318106821966056,,
2026-05-27,taiwan_south_china_sea,317.7307586020693,492,29774,3797,2097,0.010671416625313,ok,88.44364731761169,Taiwan Strait / South China Sea,0.0,0.55,0.0,48.64400602468643,48.64400602468643,,
2026-05-28,cape_of_good_hope,27.363603202965084,41,29090,3489,2038,0.0009406532555161596,ok,64.60283369791395,Cape of Good Hope,0.136,0.0,8.785985382916298,0.0,8.785985382916298,,
2026-05-28,danish_straits_baltic,246.96435031917804,357,29090,3489,2038,0.008489664844248127,ok,47.29651065044191,Danish Straits / Baltic,0.176,0.0,8.324185874477775,0.0,8.324185874477775,,
2026-05-28,red_sea_suez,180.47154337330494,254,29090,3489,2038,0.00620390317543159,ok,46.611028183439274,Red Sea / Bab el-Mandeb / Suez,0.271,0.35,12.631588637712044,16.313859864203746,16.313859864203746,,
2026-05-28,strait_of_hormuz,919.1091700854621,1402,29090,3489,2038,0.03159536507684641,ok,68.18561738184664,Strait of Hormuz,0.336,0.0,22.910367440300472,0.0,22.910367440300472,,
2026-05-28,strait_of_malacca,42.97057648063885,64,29090,3489,2038,0.001477159727763453,ok,51.235202306088276,Strait of Malacca,0.0,0.55,0.0,28.179361268348554,28.179361268348554,,
2026-05-28,taiwan_south_china_sea,187.94390544468135,293,29090,3489,2038,0.006460773648837448,ok,39.679941251749504,Taiwan Strait / South China Sea,0.0,0.55,0.0,21.82396768846223,21.82396768846223,,
2026-05-29,cape_of_good_hope,29.352593442261476,44,28411,3464,1850,0.0010331418620344753,ok,74.3613323313865,Cape of Good Hope,0.136,0.0,10.113141197068567,0.0,10.113141197068567,,
2026-05-29,danish_straits_baltic,348.7128944058648,508,28411,3464,1850,0.012273869079084327,ok,82.21773587846425,Danish Straits / Baltic,0.176,0.0,14.470321514609708,0.0,14.470321514609708,,
2026-05-29,red_sea_suez,144.48536106322382,202,28411,3464,1850,0.0050855429609385034,ok,34.59371136214706,Red Sea / Bab el-Mandeb / Suez,0.271,0.35,9.374895779141854,12.107798976751472,12.107798976751472,,
2026-05-29,strait_of_hormuz,727.857313795757,1088,28411,3464,1850,0.025618855858496957,ok,49.78486176526965,Strait of Hormuz,0.336,0.0,16.727713553130606,0.0,16.727713553130606,,
2026-05-29,strait_of_malacca,52.331414537677205,80,28411,3464,1850,0.001841942013222949,ok,74.90839588954252,Strait of Malacca,0.0,0.55,0.0,41.19961773924839,41.19961773924839,,
2026-05-29,taiwan_south_china_sea,239.95080171862838,369,28411,3464,1850,0.008445700669410734,ok,59.30588066669782,Taiwan Strait / South China Sea,0.0,0.55,0.0,32.6182343666838,32.6182343666838,,
2026-05-30,cape_of_good_hope,14.016325413329232,31,16552,2076,1126,0.0008468055469628584,ok,55.1801358024808,Cape of Good Hope,0.136,0.0,7.504498469137389,0.0,7.504498469137389,,
2026-05-30,danish_straits_baltic,163.12963164431844,241,16552,2076,1126,0.00985558431877226,ok,59.158458635280084,Danish Straits / Baltic,0.176,0.0,10.411888719809294,0.0,10.411888719809294,,
2026-05-30,red_sea_suez,40.95091520299546,60,16552,2076,1126,0.002474076558904994,ok,11.738453072406353,Red Sea / Bab el-Mandeb / Suez,0.271,0.35,3.1811207826221217,4.108458575342223,4.108458575342223,,
2026-05-30,strait_of_hormuz,424.728247331145,637,16552,2076,1126,0.025660237272302138,ok,49.90553458256491,Strait of Hormuz,0.336,0.0,16.768259619741812,0.0,16.768259619741812,,
2026-05-30,strait_of_malacca,136.9895665597673,206,16552,2076,1126,0.00827631504106859,ok,100.0,Strait of Malacca,0.0,0.55,0.0,55.00000000000001,55.00000000000001,,
2026-05-30,taiwan_south_china_sea,180.2529678227068,278,16552,2076,1126,0.010890101970922354,ok,91.17619207660623,Taiwan Strait / South China Sea,0.0,0.55,0.0,50.146905642133426,50.146905642133426,,
2026-05-31,cape_of_good_hope,6.720983591595723,11,13547,2044,1212,0.0004961233920126761,ok,24.745246260080012,Cape of Good Hope,0.136,0.0,3.365353491370882,0.0,3.365353491370882,,
2026-05-31,danish_straits_baltic,145.39714384129266,210,13547,2044,1212,0.010732792783737555,ok,67.22988990752292,Danish Straits / Baltic,0.176,0.0,11.832460623724034,0.0,11.832460623724034,,
2026-05-31,red_sea_suez,50.54602529872074,76,13547,2044,1212,0.0037311600574828924,ok,21.739872150698464,Red Sea / Bab el-Mandeb / Suez,0.271,0.35,5.8915053528392844,7.608955252744462,7.608955252744462,,
2026-05-31,strait_of_hormuz,433.91192354783135,648,13547,2044,1212,0.03203011172568328,ok,73.0776696270893,Strait of Hormuz,0.336,0.0,24.554096994702007,0.0,24.554096994702007,,
2026-05-31,strait_of_malacca,83.5751099274454,133,13547,2044,1212,0.006169270681881257,ok,100.0,Strait of Malacca,0.0,0.55,0.0,55.00000000000001,55.00000000000001,,
2026-05-31,taiwan_south_china_sea,173.04003318425578,270,13547,2044,1212,0.012773310192976731,ok,100.0,Taiwan Strait / South China Sea,0.0,0.55,0.0,55.00000000000001,55.00000000000001,,
2026-06-01,cape_of_good_hope,26.64616608076414,39,25591,3431,1941,0.0010412319206269446,ok,75.23647404333427,Cape of Good Hope,0.136,0.0,10.232160469893461,0.0,10.232160469893461,,
2026-06-01,danish_straits_baltic,235.61323441658342,362,25591,3431,1941,0.009206878762712806,ok,53.41483850876951,Danish Straits / Baltic,0.176,0.0,9.401011577543434,0.0,9.401011577543434,,
2026-06-01,red_sea_suez,126.20578132669493,188,25591,3431,1941,0.0049316471152629805,ok,33.03536852156937,Red Sea / Bab el-Mandeb / Suez,0.271,0.35,8.9525848693453,11.562378982549278,11.562378982549278,,
2026-06-01,strait_of_hormuz,812.3307465073815,1221,25591,3431,1941,0.03174282937389635,ok,72.09671239362322,Strait of Hormuz,0.336,0.0,24.224495364257404,0.0,24.224495364257404,,
2026-06-01,strait_of_malacca,60.78272848306609,100,25591,3431,1941,0.0023751603486798518,ok,100.0,Strait of Malacca,0.0,0.55,0.0,55.00000000000001,55.00000000000001,,
2026-06-01,taiwan_south_china_sea,225.6312182098588,347,25591,3431,1941,0.008816819124295994,ok,63.25751522318177,Taiwan Strait / South China Sea,0.0,0.55,0.0,34.79163337274998,34.79163337274998,,
2026-06-02,cape_of_good_hope,35.0297528263561,52,29966,3884,2196,0.0011689832752571614,ok,93.97427185758558,Cape of Good Hope,0.136,0.0,12.78050097263164,0.0,12.78050097263164,,
2026-06-02,danish_straits_baltic,434.14012665900094,631,29966,3884,2196,0.01448775701324838,ok,100.0,Danish Straits / Baltic,0.176,0.0,17.599999999999998,0.0,17.599999999999998,,
2026-06-02,red_sea_suez,169.82083453732258,247,29966,3884,2196,0.0056671172174238334,ok,40.69438220715805,Red Sea / Bab el-Mandeb / Suez,0.271,0.35,11.028177578139832,14.243033772505317,14.243033772505317,,
2026-06-02,strait_of_hormuz,826.946959469148,1239,29966,3884,2196,0.027596174313193222,ok,55.65843998431902,Strait of Hormuz,0.336,0.0,18.70123583473119,0.0,18.70123583473119,,
2026-06-02,strait_of_malacca,46.03031769047335,72,29966,3884,2196,0.001536084819144142,ok,54.33129576717808,Strait of Malacca,0.0,0.55,0.0,29.882212671947944,29.882212671947944,,
2026-06-02,taiwan_south_china_sea,274.2579157076506,441,29966,3884,2196,0.009152303133806668,ok,66.9021116189182,Taiwan Strait / South China Sea,0.0,0.55,0.0,36.79616139040501,36.79616139040501,,
2026-06-03,cape_of_good_hope,30.04974452993326,45,30252,3759,2111,0.0009933143107871633,ok,70.10310633089405,Cape of Good Hope,0.136,0.0,9.534022461001591,0.0,9.534022461001591,,
2026-06-03,danish_straits_baltic,316.7708448559985,468,30252,3759,2111,0.010471071164088276,ok,64.7858184956886,Danish Straits / Baltic,0.176,0.0,11.402304055241194,0.0,11.402304055241194,,
2026-06-03,red_sea_suez,156.97805162253496,228,30252,3759,2111,0.005189014003124916,ok,35.6548349482223,Red Sea / Bab el-Mandeb / Suez,0.271,0.35,9.662460270968245,12.479192231877805,12.479192231877805,,
2026-06-03,strait_of_hormuz,922.6608565144669,1409,30252,3759,2111,0.030499168865346652,ok,64.66804280062121,Strait of Hormuz,0.336,0.0,21.72846238100873,0.0,21.72846238100873,,
2026-06-03,strait_of_malacca,72.82537221090703,113,30252,3759,2111,0.00240729116127552,ok,100.0,Strait of Malacca,0.0,0.55,0.0,55.00000000000001,55.00000000000001,,
2026-06-03,taiwan_south_china_sea,252.78404599679268,404,30252,3759,2111,0.008355944929154856,ok,58.362996985383916,Taiwan Strait / South China Sea,0.0,0.55,0.0,32.09964834196116,32.09964834196116,,
2026-06-04,cape_of_good_hope,21.406577093493173,34,29521,3632,1965,0.0007251304865517148,ok,43.72516635299647,Cape of Good Hope,0.136,0.0,5.94662262400752,0.0,5.94662262400752,,
2026-06-04,danish_straits_baltic,266.86990596589015,402,29521,3632,1965,0.00904000223454118,ok,51.96920699662068,Danish Straits / Baltic,0.176,0.0,9.146580431405239,0.0,9.146580431405239,,
2026-06-04,red_sea_suez,111.58339781029325,171,29521,3632,1965,0.0037797973581617577,ok,22.166337531943192,Red Sea / Bab el-Mandeb / Suez,0.271,0.35,6.007077471156605,7.758218136180116,7.758218136180116,,
2026-06-04,strait_of_hormuz,856.6650288764512,1255,29521,3632,1965,0.029018835028503477,ok,60.01746814254773,Strait of Hormuz,0.336,0.0,20.165869295896037,0.0,20.165869295896037,,
2026-06-04,strait_of_malacca,37.24159388827168,61,29521,3632,1965,0.0012615288739633373,ok,40.436453616756765,Strait of Malacca,0.0,0.55,0.0,22.240049489216222,22.240049489216222,,
2026-06-04,taiwan_south_china_sea,263.3099477906748,409,29521,3632,1965,0.00891941153045882,ok,64.36481641426363,Taiwan Strait / South China Sea,0.0,0.55,0.0,35.400649027845,35.400649027845,,
2026-06-05,cape_of_good_hope,18.59470894843132,28,29121,3744,1841,0.0006385326379049937,ok,36.13115748449086,Cape of Good Hope,0.136,0.0,4.913837417890758,0.0,4.913837417890758,,
2026-06-05,danish_straits_baltic,472.05483749860144,691,29121,3744,1841,0.01621011769852002,ok,100.0,Danish Straits / Baltic,0.176,0.0,17.599999999999998,0.0,17.599999999999998,,
2026-06-05,red_sea_suez,120.92915097407129,180,29121,3744,1841,0.004152644173416822,ok,25.525734368390513,Red Sea / Bab el-Mandeb / Suez,0.271,0.35,6.9174740138338295,8.934007028936678,8.934007028936678,,
2026-06-05,strait_of_hormuz,685.4229068807879,1017,29121,3744,1841,0.02353706627110291,ok,43.84158083608728,Strait of Hormuz,0.336,0.0,14.730771160925327,0.0,14.730771160925327,,
2026-06-05,strait_of_malacca,29.353318589107925,46,29121,3744,1841,0.0010079776995675948,ok,28.880429857044078,Strait of Malacca,0.0,0.55,0.0,15.884236421374244,15.884236421374244,,
2026-06-05,taiwan_south_china_sea,336.77865854045325,505,29121,3744,1841,0.011564804043145952,ok,99.77941381598494,Taiwan Strait / South China Sea,0.0,0.55,0.0,54.87867759879172,54.87867759879172,,
2026-06-06,cape_of_good_hope,7.7917868742713665,12,16240,2304,1211,0.0004797898321595669,ok,23.53335161765755,Cape of Good Hope,0.136,0.0,3.200535820001427,0.0,3.200535820001427,,
2026-06-06,danish_straits_baltic,150.36480477859993,222,16240,2304,1211,0.0092589165504064,ok,53.86833322801958,Danish Straits / Baltic,0.176,0.0,9.480826648131446,0.0,9.480826648131446,,
2026-06-06,red_sea_suez,93.15757948455905,129,16240,2304,1211,0.005736304155453144,ok,41.441877493438724,Red Sea / Bab el-Mandeb / Suez,0.271,0.35,11.230748800721894,14.504657122703552,14.504657122703552,,
2026-06-06,strait_of_hormuz,490.0278773845968,701,16240,2304,1211,0.030174130380824928,ok,63.63702291371835,Strait of Hormuz,0.336,0.0,21.382039699009365,0.0,21.382039699009365,,
2026-06-06,strait_of_malacca,17.068794501584144,27,16240,2304,1211,0.0010510341441862157,ok,30.75052284723851,Strait of Malacca,0.0,0.55,0.0,16.912787565981183,16.912787565981183,,
2026-06-06,taiwan_south_china_sea,130.94235872257232,210,16240,2304,1211,0.008062953123311104,ok,55.32041557286701,Taiwan Strait / South China Sea,0.0,0.55,0.0,30.42622856507686,30.42622856507686,,
2026-06-07,cape_of_good_hope,21.196488909619863,34,13809,2400,1398,0.0015349763856629635,ok,100.0,Cape of Good Hope,0.136,0.0,13.600000000000001,0.0,13.600000000000001,,
2026-06-07,danish_straits_baltic,201.77312366232582,306,13809,2400,1398,0.014611711468051692,ok,100.0,Danish Straits / Baltic,0.176,0.0,17.599999999999998,0.0,17.599999999999998,,
2026-06-07,red_sea_suez,172.44405385078235,237,13809,2400,1398,0.012487801712707825,ok,100.0,Red Sea / Bab el-Mandeb / Suez,0.271,0.35,27.1,35.0,35.0,,
2026-06-07,strait_of_hormuz,534.8045046209844,777,13809,2400,1398,0.038728691767759026,ok,97.1619561685134,Strait of Hormuz,0.336,0.0,32.6464172726205,0.0,32.6464172726205,,
2026-06-07,strait_of_malacca,41.39997858617672,62,13809,2400,1398,0.0029980432027066927,ok,100.0,Strait of Malacca,0.0,0.55,0.0,55.00000000000001,55.00000000000001,,
2026-06-07,taiwan_south_china_sea,132.6833946451157,195,13809,2400,1398,0.00960847234739052,ok,71.96573221686106,Taiwan Strait / South China Sea,0.0,0.55,0.0,39.58115271927358,39.58115271927358,,
2026-06-08,cape_of_good_hope,20.64741263778087,31,25315,3147,1987,0.0008156196973249406,ok,52.160144031179776,Cape of Good Hope,0.136,0.0,7.09377958824045,0.0,7.09377958824045,,
2026-06-08,danish_straits_baltic,317.808530177109,482,25315,3147,1987,0.012554158806127157,ok,89.30258066693429,Danish Straits / Baltic,0.176,0.0,15.717254197380434,0.0,15.717254197380434,,
2026-06-08,red_sea_suez,351.0124184474175,496,25315,3147,1987,0.013865787811472149,ok,100.0,Red Sea / Bab el-Mandeb / Suez,0.271,0.35,27.1,35.0,35.0,,
2026-06-08,strait_of_hormuz,920.6149528704382,1329,25315,3147,1987,0.03636638170533037,ok,88.40913645855343,Strait of Hormuz,0.336,0.0,29.705469850073957,0.0,29.705469850073957,,
2026-06-08,strait_of_malacca,52.7328119878445,87,25315,3147,1987,0.0020830658498062217,ok,90.08885449883695,Strait of Malacca,0.0,0.55,0.0,49.54886997436033,49.54886997436033,,
2026-06-08,taiwan_south_china_sea,230.8512974208365,364,25315,3147,1987,0.0091191505992825,ok,66.53893011684359,Taiwan Strait / South China Sea,0.0,0.55,0.0,36.596411564263974,36.596411564263974,,
2026-06-09,cape_of_good_hope,41.28624211945776,57,29751,3419,1873,0.001387726198092762,ok,100.0,Cape of Good Hope,0.136,0.0,13.600000000000001,0.0,13.600000000000001,,
2026-06-09,danish_straits_baltic,251.7013225937578,364,29751,3419,1873,0.008460264279982447,ok,47.05103461598007,Danish Straits / Baltic,0.176,0.0,8.280982092412492,0.0,8.280982092412492,,
2026-06-09,red_sea_suez,166.49197350632963,234,29751,3419,1873,0.005596180750439637,ok,39.93270834758082,Red Sea / Bab el-Mandeb / Suez,0.271,0.35,10.821763962194403,13.976447921653287,13.976447921653287,,
2026-06-09,strait_of_hormuz,718.0036464746858,1088,29751,3419,1873,0.024133765133094207,ok,45.51927467246067,Strait of Hormuz,0.336,0.0,15.294476289946786,0.0,15.294476289946786,,
2026-06-09,strait_of_malacca,37.27960137375437,59,29751,3419,1873,0.0012530537250430025,ok,40.02965111615985,Strait of Malacca,0.0,0.55,0.0,22.016308113887916,22.016308113887916,,
2026-06-09,taiwan_south_china_sea,218.78727933102198,352,29751,3419,1873,0.00735394707172942,ok,48.18645546292038,Taiwan Strait / South China Sea,0.0,0.55,0.0,26.50255050460621,26.50255050460621,,
2026-06-10,cape_of_good_hope,60.27225552196049,109,31000,3951,2313,0.0019442663071600158,ok,100.0,Cape of Good Hope,0.136,0.0,13.600000000000001,0.0,13.600000000000001,,
2026-06-10,danish_straits_baltic,247.55748733169466,377,31000,3951,2313,0.007985725397796602,ok,43.148414440284796,Danish Straits / Baltic,0.176,0.0,7.594120941490123,0.0,7.594120941490123,,
2026-06-10,red_sea_suez,231.6658476328486,375,31000,3951,2313,0.007473091859124148,ok,64.70397270263616,Red Sea / Bab el-Mandeb / Suez,0.271,0.35,17.5347766024144,22.646390445922655,22.646390445922655,,
2026-06-10,strait_of_hormuz,876.0606403724453,1379,31000,3951,2313,0.028260020657175654,ok,57.678827409990596,Strait of Hormuz,0.336,0.0,19.38008600975684,0.0,19.38008600975684,,
2026-06-10,strait_of_malacca,50.58823466763821,79,31000,3951,2313,0.0016318785376657487,ok,59.49206079932142,Strait of Malacca,0.0,0.55,0.0,32.72063343962679,32.72063343962679,,
2026-06-10,taiwan_south_china_sea,271.89495163974505,428,31000,3951,2313,0.008770804891604679,ok,62.762958466396356,Taiwan Strait / South China Sea,0.0,0.55,0.0,34.519627156518,34.519627156518,,
2026-06-11,cape_of_good_hope,41.95893863346837,63,30762,4078,2368,0.0013639860423076643,ok,100.0,Cape of Good Hope,0.136,0.0,13.600000000000001,0.0,13.600000000000001,,
2026-06-11,danish_straits_baltic,230.40549841234923,347,30762,4078,2368,0.007489938834027346,ok,39.19319694329761,Danish Straits / Baltic,0.176,0.0,6.898002662020379,0.0,6.898002662020379,,
2026-06-11,red_sea_suez,287.9311321859266,420,30762,4078,2368,0.009359961386968551,ok,90.69671369202716,Red Sea / Bab el-Mandeb / Suez,0.271,0.35,24.57880941053936,31.743849792209502,31.743849792209502,,
2026-06-11,strait_of_hormuz,1076.3145765474017,1606,30762,4078,2368,0.03498844602260587,ok,83.43225668545564,Strait of Hormuz,0.336,0.0,28.033238246313097,0.0,28.033238246313097,,
2026-06-11,strait_of_malacca,44.777770766935475,72,30762,4078,2368,0.001455619620536229,ok,50.11862162923874,Strait of Malacca,0.0,0.55,0.0,27.565241896081307,27.565241896081307,,
2026-06-11,taiwan_south_china_sea,233.88467122833254,360,30762,4078,2368,0.007603038528975117,ok,50.65531478903679,Taiwan Strait / South China Sea,0.0,0.55,0.0,27.860423133970237,27.860423133970237,,
2026-06-12,cape_of_good_hope,65.16129889076304,100,27922,3614,1894,0.002333690240339626,ok,100.0,Cape of Good Hope,0.136,0.0,13.600000000000001,0.0,13.600000000000001,,
2026-06-12,danish_straits_baltic,265.81081351315436,396,27922,3614,1894,0.009519762678646026,ok,56.16069400737482,Danish Straits / Baltic,0.176,0.0,9.884282145297968,0.0,9.884282145297968,,
2026-06-12,red_sea_suez,138.37979446421372,212,27922,3614,1894,0.004955941353205849,ok,33.27977673150378,Red Sea / Bab el-Mandeb / Suez,0.271,0.35,9.018819494237524,11.647921856026322,11.647921856026322,,
2026-06-12,strait_of_hormuz,747.1281414631363,1147,27922,3614,1894,0.026757687180830037,ok,53.14110350755432,Strait of Hormuz,0.336,0.0,17.855410778538253,0.0,17.855410778538253,,
2026-06-12,strait_of_malacca,51.32480095821174,80,27922,3614,1894,0.0018381491640359479,ok,74.6771427316265,Strait of Malacca,0.0,0.55,0.0,41.07242850239458,41.07242850239458,,
2026-06-12,taiwan_south_china_sea,222.09416278136587,352,27922,3614,1894,0.00795409221335742,ok,54.203853634228395,Taiwan Strait / South China Sea,0.0,0.55,0.0,29.81211949882562,29.81211949882562,,
2026-06-13,cape_of_good_hope,10.646889617304982,16,17002,2220,1132,0.0006262139523176675,ok,35.09064355734672,Cape of Good Hope,0.136,0.0,4.772327523799155,0.0,4.772327523799155,,
2026-06-13,danish_straits_baltic,116.75191585948536,177,17002,2220,1132,0.006866951879748581,ok,34.40640437970734,Danish Straits / Baltic,0.176,0.0,6.0555271708284915,0.0,6.0555271708284915,,
2026-06-13,red_sea_suez,167.5476629659333,241,17002,2220,1132,0.009854585517346977,ok,97.98012955062555,Red Sea / Bab el-Mandeb / Suez,0.271,0.35,26.552615108219527,34.29304534271894,34.29304534271894,,
2026-06-13,strait_of_hormuz,509.5745841324173,754,17002,2220,1132,0.02997144948432051,ok,62.99692200936473,Strait of Hormuz,0.336,0.0,21.166965795146552,0.0,21.166965795146552,,
2026-06-13,strait_of_malacca,9.7113778548041,16,17002,2220,1132,0.0005711903220094166,ok,12.319654479037748,Strait of Malacca,0.0,0.55,0.0,6.775809963470762,6.775809963470762,,
2026-06-13,taiwan_south_china_sea,135.01467277434202,204,17002,2220,1132,0.007941105327275733,ok,54.07115743719415,Taiwan Strait / South China Sea,0.0,0.55,0.0,29.739136590456788,29.739136590456788,,
2026-06-14,cape_of_good_hope,17.664714956013295,26,13703,2013,1236,0.0012891129647532142,ok,100.0,Cape of Good Hope,0.136,0.0,13.600000000000001,0.0,13.600000000000001,,
2026-06-14,danish_straits_baltic,236.71186596090325,352,13703,2013,1236,0.017274455663789188,ok,100.0,Danish Straits / Baltic,0.176,0.0,17.599999999999998,0.0,17.599999999999998,,
2026-06-14,red_sea_suez,142.87539848393314,204,13703,2013,1236,0.010426578010941628,ok,100.0,Red Sea / Bab el-Mandeb / Suez,0.271,0.35,27.1,35.0,35.0,,
2026-06-14,strait_of_hormuz,506.5959059823538,741,13703,2013,1236,0.03696970779992365,ok,90.6183262592689,Strait of Hormuz,0.336,0.0,30.447757623114352,0.0,30.447757623114352,,
2026-06-14,strait_of_malacca,6.360653070168674,10,13703,2013,1236,0.0004641796008296485,ok,9.025189785650637,Strait of Malacca,0.0,0.55,0.0,4.963854382107851,4.963854382107851,,
2026-06-14,taiwan_south_china_sea,79.7271268921567,124,13703,2013,1236,0.00581822424959182,ok,33.910165993877165,Taiwan Strait / South China Sea,0.0,0.55,0.0,18.65059129663244,18.65059129663244,,
2026-06-15,cape_of_good_hope,37.308810212716175,61,26919,4045,2801,0.0013859656827042673,ok,100.0,Cape of Good Hope,0.136,0.0,13.600000000000001,0.0,13.600000000000001,,
2026-06-15,danish_straits_baltic,411.6340648853518,615,26919,4045,2801,0.01529158084941312,ok,100.0,Danish Straits / Baltic,0.176,0.0,17.599999999999998,0.0,17.599999999999998,,
2026-06-15,red_sea_suez,353.6101955553548,509,26919,4045,2801,0.01313608215592536,ok,100.0,Red Sea / Bab el-Mandeb / Suez,0.271,0.35,27.1,35.0,35.0,,
2026-06-15,strait_of_hormuz,1302.8227071838614,1965,26919,4045,2801,0.048397886518216186,ok,100.0,Strait of Hormuz,0.336,0.0,33.6,0.0,33.6,,
2026-06-15,strait_of_malacca,61.080166020806594,100,26919,4045,2801,0.0022690354775737063,ok,100.0,Strait of Malacca,0.0,0.55,0.0,55.00000000000001,55.00000000000001,,
2026-06-15,taiwan_south_china_sea,280.9314857610982,432,26919,4045,2801,0.010436178378138051,ok,85.53537643438428,Taiwan Strait / South China Sea,0.0,0.55,0.0,47.044457038911354,47.044457038911354,,
2026-06-16,cape_of_good_hope,45.09929125748222,72,29651,3638,2094,0.0015210040557648045,ok,100.0,Cape of Good Hope,0.136,0.0,13.600000000000001,0.0,13.600000000000001,,
2026-06-16,danish_straits_baltic,374.9343081570883,547,29651,3638,2094,0.012644912756975761,ok,90.27268047631969,Danish Straits / Baltic,0.176,0.0,15.887991763832265,0.0,15.887991763832265,,
2026-06-16,red_sea_suez,172.07310646476856,245,29651,3638,2094,0.005803281726240887,ok,42.169810348908,Red Sea / Bab el-Mandeb / Suez,0.271,0.35,11.428018604554069,14.759433622117799,14.759433622117799,,
2026-06-16,strait_of_hormuz,939.056484126773,1423,29651,3638,2094,0.03167031412521577,ok,68.42838131019306,Strait of Hormuz,0.336,0.0,22.99193612022487,0.0,22.99193612022487,,
2026-06-16,strait_of_malacca,40.704117595540694,62,29651,3638,2094,0.0013727738557060703,ok,45.90138251758491,Strait of Malacca,0.0,0.55,0.0,25.245760384671705,25.245760384671705,,
2026-06-16,taiwan_south_china_sea,262.40420519167736,406,29651,3638,2094,0.008849759036514025,ok,63.61234420657229,Taiwan Strait / South China Sea,0.0,0.55,0.0,34.986789313614764,34.986789313614764,,
2026-06-17,cape_of_good_hope,26.384143975789122,40,30703,3945,2251,0.0008593343965016162,ok,56.40927488542621,Cape of Good Hope,0.136,0.0,7.671661384417964,0.0,7.671661384417964,,
2026-06-17,danish_straits_baltic,365.7208861623548,561,30703,3945,2251,0.011911568451368102,ok,78.60437328570661,Danish Straits / Baltic,0.176,0.0,13.834369698284364,0.0,13.834369698284364,,
2026-06-17,red_sea_suez,172.0895811930101,257,30703,3945,2251,0.005604976099827708,ok,40.02688688722818,Red Sea / Bab el-Mandeb / Suez,0.271,0.35,10.847286346438837,14.009410410529862,14.009410410529862,,
2026-06-17,strait_of_hormuz,1053.4167427455611,1599,30703,3945,2251,0.03430989619078139,ok,81.01699214437255,Strait of Hormuz,0.336,0.0,27.22170936050918,0.0,27.22170936050918,,
2026-06-17,strait_of_malacca,67.23789620907242,105,30703,3945,2251,0.0021899454844501324,ok,97.1105741785994,Strait of Malacca,0.0,0.55,0.0,53.41081579822968,53.41081579822968,,
2026-06-17,taiwan_south_china_sea,301.8038410231108,461,30703,3945,2251,0.009829783442110244,ok,74.46636534219641,Taiwan Strait / South China Sea,0.0,0.55,0.0,40.95650093820803,40.95650093820803,,
2026-06-18,cape_of_good_hope,25.862020592674472,39,30367,4073,2587,0.0008516488488383598,ok,55.65421600729159,Cape of Good Hope,0.136,0.0,7.568973376991656,0.0,7.568973376991656,,
2026-06-18,danish_straits_baltic,330.96805914207596,494,30367,4073,2587,0.010898938292952085,ok,68.79701159770349,Danish Straits / Baltic,0.176,0.0,12.108274041195813,0.0,12.108274041195813,,
2026-06-18,red_sea_suez,182.81364743690727,263,30367,4073,2587,0.006020141845981074,ok,44.55549291556544,Red Sea / Bab el-Mandeb / Suez,0.271,0.35,12.074538580118235,15.594422520447901,15.594422520447901,,
2026-06-18,strait_of_hormuz,1197.9704104525067,1794,30367,4073,2587,0.03944974513295705,ok,99.88799872112367,Strait of Hormuz,0.336,0.0,33.56236757029755,0.0,33.56236757029755,,
2026-06-18,strait_of_malacca,48.447462058864645,81,30367,4073,2587,0.0015953983620003505,ok,57.50835961877675,Strait of Malacca,0.0,0.55,0.0,31.629597790327217,31.629597790327217,,
2026-06-18,taiwan_south_china_sea,293.7011770972935,450,30367,4073,2587,0.009671721839407696,ok,72.67749133879092,Taiwan Strait / South China Sea,0.0,0.55,0.0,39.972620236335004,39.972620236335004,,
2026-06-19,cape_of_good_hope,26.895652357971446,41,26535,3719,2114,0.0010135915718097399,ok,72.26062435377739,Cape of Good Hope,0.136,0.0,9.827444912113725,0.0,9.827444912113725,,
2026-06-19,danish_straits_baltic,240.10645512192892,350,26535,3719,2114,0.009048669874578063,ok,52.043967763986146,Danish Straits / Baltic,0.176,0.0,9.15973832646156,0.0,9.15973832646156,,
2026-06-19,red_sea_suez,111.63770028317298,165,26535,3719,2114,0.00420718674517328,ok,26.030280656889715,Red Sea / Bab el-Mandeb / Suez,0.271,0.35,7.0542060580171135,9.1105982299114,9.1105982299114,,
2026-06-19,strait_of_hormuz,972.2569270297564,1521,26535,3719,2114,0.036640547466732856,ok,89.41079171408313,Strait of Hormuz,0.336,0.0,30.042026015931935,0.0,30.042026015931935,,
2026-06-19,strait_of_malacca,50.02297241345674,75,26535,3719,2114,0.0018851694898608157,ok,77.56078032509463,Strait of Malacca,0.0,0.55,0.0,42.658429178802045,42.658429178802045,,
2026-06-19,taiwan_south_china_sea,222.79984978367244,330,26535,3719,2114,0.008396451847886658,ok,58.78789829629214,Taiwan Strait / South China Sea,0.0,0.55,0.0,32.33334406296068,32.33334406296068,,
2026-06-20,cape_of_good_hope,23.67482701314702,38,15903,2230,1322,0.0014887019438563176,ok,100.0,Cape of Good Hope,0.136,0.0,13.600000000000001,0.0,13.600000000000001,,
2026-06-20,danish_straits_baltic,134.1206611322081,200,15903,2230,1322,0.008433670447853116,ok,46.82936006955688,Danish Straits / Baltic,0.176,0.0,8.24196737224201,0.0,8.24196737224201,,
2026-06-20,red_sea_suez,70.6189110578037,102,15903,2230,1322,0.004440603097390662,ok,28.226309719748794,Red Sea / Bab el-Mandeb / Suez,0.271,0.35,7.649329934051924,9.879208401912077,9.879208401912077,,
2026-06-20,strait_of_hormuz,574.1661605828433,866,15903,2230,1322,0.036104267156061326,ok,87.45503351244105,Strait of Hormuz,0.336,0.0,29.384891260180193,0.0,29.384891260180193,,
2026-06-20,strait_of_malacca,28.066160873883007,41,15903,2230,1322,0.00176483436294303,ok,66.90879277795425,Strait of Malacca,0.0,0.55,0.0,36.79983602787484,36.79983602787484,,
2026-06-20,taiwan_south_china_sea,111.33948169545711,172,15903,2230,1322,0.0070011621515095965,ok,44.76096450073598,Taiwan Strait / South China Sea,0.0,0.55,0.0,24.618530475404793,24.618530475404793,,
2026-06-21,cape_of_good_hope,11.42064236367489,19,13169,2042,1287,0.0008672368717195603,ok,57.18917413632485,Cape of Good Hope,0.136,0.0,7.77772768254018,0.0,7.77772768254018,,
2026-06-21,danish_straits_baltic,141.27017621971785,213,13169,2042,1287,0.010727479400084885,ok,67.17997177478945,Danish Straits / Baltic,0.176,0.0,11.823675032362942,0.0,11.823675032362942,,
2026-06-21,red_sea_suez,61.665200652992894,88,13169,2042,1287,0.004682603132583559,ok,30.564844689334077,Red Sea / Bab el-Mandeb / Suez,0.271,0.35,8.283072910809535,10.697695641266927,10.697695641266927,,
2026-06-21,strait_of_hormuz,590.8209781267551,865,13169,2042,1287,0.04486452867543132,ok,100.0,Strait of Hormuz,0.336,0.0,33.6,0.0,33.6,,
2026-06-21,strait_of_malacca,25.92885659003351,40,13169,2042,1287,0.0019689313228060984,ok,82.78705206413561,Strait of Malacca,0.0,0.55,0.0,45.532878635274585,45.532878635274585,,
2026-06-21,taiwan_south_china_sea,96.18216741044252,148,13169,2042,1287,0.00730368041692175,ok,47.69324520058923,Taiwan Strait / South China Sea,0.0,0.55,0.0,26.23128486032408,26.23128486032408,,
2026-06-22,cape_of_good_hope,30.140650384477723,52,25977,3147,1785,0.0011602821874919244,ok,92.92700930546388,Cape of Good Hope,0.136,0.0,12.638073265543088,0.0,12.638073265543088,,
2026-06-22,danish_straits_baltic,221.2975883229506,340,25977,3147,1785,0.008518981727025853,ok,47.54171160672998,Danish Straits / Baltic,0.176,0.0,8.367341242784477,0.0,8.367341242784477,,
2026-06-22,red_sea_suez,108.51706072481193,169,25977,3147,1785,0.004177428522339452,ok,25.754593991139814,Red Sea / Bab el-Mandeb / Suez,0.271,0.35,6.97949497159889,9.014107896898935,9.014107896898935,,
2026-06-22,strait_of_hormuz,749.7504521433863,1160,25977,3147,1785,0.028862087698478894,ok,59.53184238486635,Strait of Hormuz,0.336,0.0,20.002699041315097,0.0,20.002699041315097,,
2026-06-22,strait_of_malacca,45.4376399640648,78,25977,3147,1785,0.001749148861071902,ok,66.01876937066118,Strait of Malacca,0.0,0.55,0.0,36.31032315386365,36.31032315386365,,
2026-06-22,taiwan_south_china_sea,222.0996191667812,371,25977,3147,1785,0.00854985637936564,ok,60.40633138578346,Taiwan Strait / South China Sea,0.0,0.55,0.0,33.22348226218091,33.22348226218091,,
2026-06-23,cape_of_good_hope,35.42352254884298,60,30608,3766,2055,0.0011573288862010906,ok,92.57244028427468,Cape of Good Hope,0.136,0.0,12.589851878661356,0.0,12.589851878661356,,
2026-06-23,danish_straits_baltic,212.08129065241283,319,30608,3766,2055,0.006928949642329222,ok,34.873407990458,Danish Straits / Baltic,0.176,0.0,6.137719806320607,0.0,6.137719806320607,,
2026-06-23,red_sea_suez,97.7539952229393,147,30608,3766,2055,0.0031937400425685863,ok,17.216327341673622,Red Sea / Bab el-Mandeb / Suez,0.271,0.35,4.665624709593552,6.025714569585768,6.025714569585768,,
2026-06-23,strait_of_hormuz,892.0743933836927,1359,30608,3766,2055,0.02914513830971291,ok,60.40972952328939,Strait of Hormuz,0.336,0.0,20.297669119825237,0.0,20.297669119825237,,
2026-06-23,strait_of_malacca,49.4597481981135,77,30608,3766,2055,0.0016159091805447432,ok,58.62092804875494,Strait of Malacca,0.0,0.55,0.0,32.24151042681522,32.24151042681522,,
2026-06-23,taiwan_south_china_sea,223.36642156460394,359,30608,3766,2055,0.007297648378352194,ok,47.63417332099209,Taiwan Strait / South China Sea,0.0,0.55,0.0,26.198795326545653,26.198795326545653,,
2026-06-24,cape_of_good_hope,25.066208589728117,41,30617,3734,1989,0.0008187023088391455,ok,52.45612993675307,Cape of Good Hope,0.136,0.0,7.134033671398418,0.0,7.134033671398418,,
2026-06-24,danish_straits_baltic,148.88271864849412,220,30617,3734,1989,0.004862746795848519,ok,20.50292238877586,Danish Straits / Baltic,0.176,0.0,3.608514340424551,0.0,3.608514340424551,,
2026-06-24,red_sea_suez,127.6041609768316,181,30617,3734,1989,0.004167755200602005,ok,25.66518916001733,Red Sea / Bab el-Mandeb / Suez,0.271,0.35,6.955266262364697,8.982816206006065,8.982816206006065,,
2026-06-24,strait_of_hormuz,823.3209056206421,1215,30617,3734,1989,0.026890972519209657,ok,53.5386570951512,Strait of Hormuz,0.336,0.0,17.988988783970804,0.0,17.988988783970804,,
2026-06-24,strait_of_malacca,33.889812731692885,51,30617,3734,1989,0.0011068952781687587,ok,33.23434082702874,Strait of Malacca,0.0,0.55,0.0,18.278887454865806,18.278887454865806,,
2026-06-24,taiwan_south_china_sea,220.01503651651248,337,30617,3734,1989,0.007186041627739899,ok,46.54562053701669,Taiwan Strait / South China Sea,0.0,0.55,0.0,25.60009129535918,25.60009129535918,,
2026-06-25,cape_of_good_hope,40.42073320013407,63,30816,3466,1777,0.0013116800752899166,ok,100.0,Cape of Good Hope,0.136,0.0,13.600000000000001,0.0,13.600000000000001,,
2026-06-25,danish_straits_baltic,194.95169596810436,296,30816,3466,1777,0.006326314121498713,ok,30.424217104768587,Danish Straits / Baltic,0.176,0.0,5.354662210439271,0.0,5.354662210439271,,
2026-06-25,red_sea_suez,126.35802636700387,203,30816,3466,1777,0.004100403243996751,ok,25.045575706752903,Red Sea / Bab el-Mandeb / Suez,0.271,0.35,6.787351016530037,8.765951497363515,8.765951497363515,,
2026-06-25,strait_of_hormuz,763.1649176835992,1143,30816,3466,1777,0.02476521669534006,ok,47.317403915794344,Strait of Hormuz,0.336,0.0,15.8986477157069,0.0,15.8986477157069,,
2026-06-25,strait_of_malacca,24.184278381233938,40,30816,3466,1777,0.0007847961572311116,ok,19.8409548528991,Strait of Malacca,0.0,0.55,0.0,10.912525169094506,10.912525169094506,,
2026-06-25,taiwan_south_china_sea,201.6896873666193,313,30816,3466,1777,0.006544966490349796,ok,40.45808966799999,Taiwan Strait / South China Sea,0.0,0.55,0.0,22.251949317399998,22.251949317399998,,
2026-06-26,cape_of_good_hope,22.757083221052028,35,27607,2832,1357,0.0008243229333521219,ok,52.99724542409472,Cape of Good Hope,0.136,0.0,7.207625377676883,0.0,7.207625377676883,,
2026-06-26,danish_straits_baltic,222.06685491573452,319,27607,2832,1357,0.008043860430895588,ok,43.620443114129436,Danish Straits / Baltic,0.176,0.0,7.67719798808678,0.0,7.67719798808678,,
2026-06-26,red_sea_suez,95.46191819191249,136,27607,2832,1357,0.003457888151262813,ok,19.395794700610264,Red Sea / Bab el-Mandeb / Suez,0.271,0.35,5.2562603638653815,6.788528145213592,6.788528145213592,,
2026-06-26,strait_of_hormuz,470.60044104267286,698,27607,2832,1357,0.017046417250794105,ok,27.021371117837194,Strait of Hormuz,0.336,0.0,9.079180695593298,0.0,9.079180695593298,,
2026-06-26,strait_of_malacca,38.24006333333733,56,27607,2832,1357,0.0013851582328154937,ok,46.523925175277505,Strait of Malacca,0.0,0.55,0.0,25.588158846402628,25.588158846402628,,
2026-06-26,taiwan_south_china_sea,206.46987554944636,324,27607,2832,1357,0.007478895770980054,ok,49.41973960068696,Taiwan Strait / South China Sea,0.0,0.55,0.0,27.18085678037783,27.18085678037783,,
2026-06-27,cape_of_good_hope,16.371810216433715,25,16010,2050,967,0.0010225990141432676,ok,73.22599443234348,Cape of Good Hope,0.136,0.0,9.958735242798715,0.0,9.958735242798715,,
2026-06-27,danish_straits_baltic,149.29788630265216,217,16010,2050,967,0.009325289587923308,ok,54.44860709721121,Danish Straits / Baltic,0.176,0.0,9.582954849109171,0.0,9.582954849109171,,
2026-06-27,red_sea_suez,52.329442186343975,79,16010,2050,967,0.0032685472945873815,ok,17.824745036701213,Red Sea / Bab el-Mandeb / Suez,0.271,0.35,4.830505904946029,6.2386607628454245,6.2386607628454245,,
2026-06-27,strait_of_hormuz,392.61176061176434,580,16010,2050,967,0.024522908220597397,ok,46.62465909701615,Strait of Hormuz,0.336,0.0,15.665885456597428,0.0,15.665885456597428,,
2026-06-27,strait_of_malacca,27.986601177748163,42,16010,2050,967,0.0017480700298406098,ok,65.95770070302544,Strait of Malacca,0.0,0.55,0.0,36.276735386663994,36.276735386663994,,
2026-06-27,taiwan_south_china_sea,104.20069575749653,160,16010,2050,967,0.0065084756875388216,ok,40.12020670470568,Taiwan Strait / South China Sea,0.0,0.55,0.0,22.066113687588125,22.066113687588125,,
2026-06-28,cape_of_good_hope,18.924782680049184,30,13637,1866,1072,0.0013877526347473186,ok,100.0,Cape of Good Hope,0.136,0.0,13.600000000000001,0.0,13.600000000000001,,
2026-06-28,danish_straits_baltic,160.72187792347304,245,13637,1866,1072,0.011785721047405811,ok,77.36196988265071,Danish Straits / Baltic,0.176,0.0,13.615706699346525,0.0,13.615706699346525,,
2026-06-28,red_sea_suez,69.90230546916484,99,13637,1866,1072,0.0051259298576787305,ok,35.00661795886079,Red Sea / Bab el-Mandeb / Suez,0.271,0.35,9.486793466851275,12.252316285601275,12.252316285601275,,
2026-06-28,strait_of_hormuz,412.44922592891186,600,13637,1866,1072,0.030244865141080286,ok,63.860922650486614,Strait of Hormuz,0.336,0.0,21.457270010563505,0.0,21.457270010563505,,
2026-06-28,strait_of_malacca,10.921590950394846,18,13637,1866,1072,0.0008008792953285067,ok,20.453981861873388,Strait of Malacca,0.0,0.55,0.0,11.249690024030365,11.249690024030365,,
2026-06-28,taiwan_south_china_sea,92.59980806803429,138,13637,1866,1072,0.006790335709322746,ok,42.75442801078579,Taiwan Strait / South China Sea,0.0,0.55,0.0,23.514935405932185,23.514935405932185,,
2026-06-29,cape_of_good_hope,34.04106153955157,53,25768,3050,1587,0.0013210595133324888,ok,100.0,Cape of Good Hope,0.136,0.0,13.600000000000001,0.0,13.600000000000001,,
2026-06-29,danish_straits_baltic,219.2012461663923,320,25768,3050,1587,0.008506723306674647,ok,47.43913304696245,Danish Straits / Baltic,0.176,0.0,8.34928741626539,0.0,8.34928741626539,,
2026-06-29,red_sea_suez,69.25268489444979,100,25768,3050,1587,0.0026875459831748596,ok,13.290001250594107,Red Sea / Bab el-Mandeb / Suez,0.271,0.35,3.6015903389110036,4.651500437707937,4.651500437707937,,
2026-06-29,strait_of_hormuz,497.6738721751742,747,25768,3050,1587,0.01931363987019459,ok,32.5877145869325,Strait of Hormuz,0.336,0.0,10.94947210120932,0.0,10.94947210120932,,
2026-06-29,strait_of_malacca,27.636589789120883,47,25768,3050,1587,0.00107251590302394,ok,31.698074216756194,Strait of Malacca,0.0,0.55,0.0,17.43394081921591,17.43394081921591,,
2026-06-29,taiwan_south_china_sea,232.51583919405667,343,25768,3050,1587,0.009023433684960287,ok,65.49406975639158,Taiwan Strait / South China Sea,0.0,0.55,0.0,36.02173836601537,36.02173836601537,,
2026-06-30,cape_of_good_hope,27.082434755821314,46,29148,3199,1697,0.0009291352667703209,ok,63.419912831032846,Cape of Good Hope,0.136,0.0,8.625108145020468,0.0,8.625108145020468,,
2026-06-30,danish_straits_baltic,278.9896575215004,455,29148,3199,1697,0.009571485437131207,ok,56.61901341848634,Danish Straits / Baltic,0.176,0.0,9.964946361653595,0.0,9.964946361653595,,
2026-06-30,red_sea_suez,76.31533160521914,117,29148,3199,1697,0.002618201303870562,ok,12.778966114732567,Red Sea / Bab el-Mandeb / Suez,0.271,0.35,3.463099817092526,4.472638140156398,4.472638140156398,,
2026-06-30,strait_of_hormuz,527.5556461271157,815,29148,3199,1697,0.018099205644542187,ok,29.56289644614611,Strait of Hormuz,0.336,0.0,9.933133205905094,0.0,9.933133205905094,,
2026-06-30,strait_of_malacca,23.803062671585803,36,29148,3199,1697,0.0008166276475773913,ok,21.060243390161666,Strait of Malacca,0.0,0.55,0.0,11.583133864588918,11.583133864588918,,
2026-06-30,taiwan_south_china_sea,245.03058903156753,386,29148,3199,1697,0.00840642888128062,ok,58.89271096635299,Taiwan Strait / South China Sea,0.0,0.55,0.0,32.390991031494146,32.390991031494146,,
2026-07-01,cape_of_good_hope,30.015784462439246,46,29665,3168,1543,0.0010118248596810802,ok,72.07177894697628,Cape of Good Hope,0.136,0.0,9.801761936788775,0.0,9.801761936788775,,
2026-07-01,danish_straits_baltic,257.4117236720396,381,29665,3168,1543,0.008677287162381244,ok,48.87302699209296,Danish Straits / Baltic,0.176,0.0,8.60165275060836,0.0,8.60165275060836,,
2026-07-01,red_sea_suez,100.37354595636667,147,29665,3168,1543,0.0033835680416776223,ok,18.773858396301858,Red Sea / Bab el-Mandeb / Suez,0.271,0.35,5.087715625397804,6.57085043870565,6.57085043870565,,
2026-07-01,strait_of_hormuz,470.3053010447699,717,29665,3168,1543,0.015853878342989042,ok,24.23600269797578,Strait of Hormuz,0.336,0.0,8.143296906519863,0.0,8.143296906519863,,
2026-07-01,strait_of_malacca,26.13683329542239,43,29665,3168,1543,0.0008810663507642808,ok,23.601531757817096,Strait of Malacca,0.0,0.55,0.0,12.980842466799404,12.980842466799404,,
2026-07-01,taiwan_south_china_sea,227.7131006731611,360,29665,3168,1543,0.007676153739193026,ok,51.38776483299545,Taiwan Strait / South China Sea,0.0,0.55,0.0,28.2632706581475,28.2632706581475,,
2026-07-02,cape_of_good_hope,21.81227237801234,35,29222,3067,1658,0.00074643324816961,ok,45.66607519457106,Cape of Good Hope,0.136,0.0,6.210586226461664,0.0,6.210586226461664,,
2026-07-02,danish_straits_baltic,385.4459667845189,564,29222,3067,1658,0.01319026646993768,ok,96.17516413286386,Danish Straits / Baltic,0.176,0.0,16.926828887384037,0.0,16.926828887384037,,
2026-07-02,red_sea_suez,91.67000027198208,132,29222,3067,1658,0.0031370200626918785,ok,16.759733582120607,Red Sea / Bab el-Mandeb / Suez,0.271,0.35,4.541887800754685,5.865906753742212,5.865906753742212,,
2026-07-02,strait_of_hormuz,551.1875337128221,827,29222,3067,1658,0.018862074249292385,ok,31.45153784509325,Strait of Hormuz,0.336,0.0,10.567716715951333,0.0,10.567716715951333,,
2026-07-02,strait_of_malacca,44.35178846528316,72,29222,3067,1658,0.0015177533524496324,ok,53.361627686015986,Strait of Malacca,0.0,0.55,0.0,29.348895227308795,29.348895227308795,,
2026-07-02,taiwan_south_china_sea,179.18722586932162,288,29222,3067,1658,0.006131928884721156,ok,36.689339697738426,Taiwan Strait / South China Sea,0.0,0.55,0.0,20.179136833756136,20.179136833756136,,
2026-07-03,cape_of_good_hope,22.410789419015575,35,24446,2639,1366,0.0009167466832617024,ok,62.15574049029217,Cape of Good Hope,0.136,0.0,8.453180706679735,0.0,8.453180706679735,,
2026-07-03,danish_straits_baltic,222.7759967193711,330,24446,2639,1366,0.009112983585018863,ok,52.599808761089776,Danish Straits / Baltic,0.176,0.0,9.2575663419518,0.0,9.2575663419518,,
2026-07-03,red_sea_suez,69.26651157807318,110,24446,2639,1366,0.0028334497086669875,ok,14.386807391434411,Red Sea / Bab el-Mandeb / Suez,0.271,0.35,3.8988248030787256,5.035382587002044,5.035382587002044,,
2026-07-03,strait_of_hormuz,420.0473938345075,615,24446,2639,1366,0.01718266357827487,ok,27.34597679267294,Strait of Hormuz,0.336,0.0,9.188248202338109,0.0,9.188248202338109,,
2026-07-03,strait_of_malacca,52.110914755951,81,24446,2639,1366,0.002131674497093635,ok,93.26053453222825,Strait of Malacca,0.0,0.55,0.0,51.29329399272554,51.29329399272554,,
2026-07-03,taiwan_south_china_sea,229.28544686692035,347,24446,2639,1366,0.009379262327862242,ok,69.40603833015963,Taiwan Strait / South China Sea,0.0,0.55,0.0,38.1733210815878,38.1733210815878,,
2026-07-04,cape_of_good_hope,7.987546649400473,12,15688,2038,1116,0.0005091500923891174,ok,25.726219101970333,Cape of Good Hope,0.136,0.0,3.4987657978679656,0.0,3.4987657978679656,,
2026-07-04,danish_straits_baltic,253.43488216666697,370,15688,2038,1116,0.016154696721485656,ok,100.0,Danish Straits / Baltic,0.176,0.0,17.599999999999998,0.0,17.599999999999998,,
2026-07-04,red_sea_suez,105.10044218862664,162,15688,2038,1116,0.006699416253737037,ok,52.30540994104068,Red Sea / Bab el-Mandeb / Suez,0.271,0.35,14.174766094022026,18.306893479364238,18.306893479364238,,
2026-07-04,strait_of_hormuz,381.26294943951007,549,15688,2038,1116,0.02430283971440018,ok,45.99845493212922,Strait of Hormuz,0.336,0.0,15.455480857195418,0.0,15.455480857195418,,
2026-07-04,strait_of_malacca,13.389300430914385,21,15688,2038,1116,0.0008534740203285559,ok,22.501565058147648,Strait of Malacca,0.0,0.55,0.0,12.375860781981208,12.375860781981208,,
2026-07-04,taiwan_south_china_sea,191.97502173657753,273,15688,2038,1116,0.012237061558935334,ok,100.0,Taiwan Strait / South China Sea,0.0,0.55,0.0,55.00000000000001,55.00000000000001,,
2026-07-05,cape_of_good_hope,6.462942693439367,10,12639,1947,1164,0.0005113492122350951,ok,25.893073882976665,Cape of Good Hope,0.136,0.0,3.5214580480848268,0.0,3.5214580480848268,,
2026-07-05,danish_straits_baltic,210.92123350100553,306,12639,1947,1164,0.016688126711053526,ok,100.0,Danish Straits / Baltic,0.176,0.0,17.599999999999998,0.0,17.599999999999998,,
2026-07-05,red_sea_suez,105.11432116571912,171,12639,1947,1164,0.008316664385293071,ok,75.9633710949695,Red Sea / Bab el-Mandeb / Suez,0.271,0.35,20.586073566736736,26.587179883239326,26.587179883239326,,
2026-07-05,strait_of_hormuz,373.07714285228474,550,12639,1947,1164,0.029517932024075065,ok,61.57247381651051,Strait of Hormuz,0.336,0.0,20.688351202347533,0.0,20.688351202347533,,
2026-07-05,strait_of_malacca,20.20450969619764,30,12639,1947,1164,0.0015985845158792342,ok,57.680719643967116,Strait of Malacca,0.0,0.55,0.0,31.724395804181917,31.724395804181917,,
2026-07-05,taiwan_south_china_sea,146.81164873937755,217,12639,1947,1164,0.011615764596833417,ok,100.0,Taiwan Strait / South China Sea,0.0,0.55,0.0,55.00000000000001,55.00000000000001,,
2026-07-06,cape_of_good_hope,28.233141205095194,44,24076,3070,1736,0.0011726674366628674,ok,94.41887491541064,Cape of Good Hope,0.136,0.0,12.840966988495849,0.0,12.840966988495849,,
2026-07-06,danish_straits_baltic,472.5840871966248,730,24076,3070,1736,0.01962884562205619,ok,100.0,Danish Straits / Baltic,0.176,0.0,17.599999999999998,0.0,17.599999999999998,,
2026-07-06,red_sea_suez,123.98803388282653,186,24076,3070,1736,0.005149860187856227,ok,35.252045689309774,Red Sea / Bab el-Mandeb / Suez,0.271,0.35,9.553304381802949,12.338215991258421,12.338215991258421,,
2026-07-06,strait_of_hormuz,516.627839368618,793,24076,3070,1736,0.021458208978593536,ok,38.16347528687838,Strait of Hormuz,0.336,0.0,12.822927696391137,0.0,12.822927696391137,,
2026-07-06,strait_of_malacca,34.57433277281222,54,24076,3070,1736,0.0014360497081247806,ok,49.11130525010909,Strait of Malacca,0.0,0.55,0.0,27.01121788756,27.01121788756,,
2026-07-06,taiwan_south_china_sea,222.33989702164533,329,24076,3070,1736,0.00923491846742172,ok,67.81001334870427,Taiwan Strait / South China Sea,0.0,0.55,0.0,37.295507341787356,37.295507341787356,,
2026-07-07,cape_of_good_hope,46.915397093591466,77,28530,3618,1868,0.0016444233120782147,ok,100.0,Cape of Good Hope,0.136,0.0,13.600000000000001,0.0,13.600000000000001,,
2026-07-07,danish_straits_baltic,449.42568680214123,666,28530,3618,1868,0.01575274051181708,ok,100.0,Danish Straits / Baltic,0.176,0.0,17.599999999999998,0.0,17.599999999999998,,
2026-07-07,red_sea_suez,121.09930416115243,174,28530,3618,1868,0.004244630359661845,ok,26.378553717760195,Red Sea / Bab el-Mandeb / Suez,0.271,0.35,7.148588057513013,9.232493801216068,9.232493801216068,,
2026-07-07,strait_of_hormuz,664.6873986666978,972,28530,3618,1868,0.02329784082252709,ok,43.17488812269147,Strait of Hormuz,0.336,0.0,14.506762409224335,0.0,14.506762409224335,,
2026-07-07,strait_of_malacca,50.61815648148345,84,28530,3618,1868,0.0017742080785658413,ok,70.81469594940776,Strait of Malacca,0.0,0.55,0.0,38.948082772174274,38.948082772174274,,
2026-07-07,taiwan_south_china_sea,223.71262025873895,346,28530,3618,1868,0.007841311610891657,ok,53.055119973224286,Taiwan Strait / South China Sea,0.0,0.55,0.0,29.18031598527336,29.18031598527336,,
2026-07-08,cape_of_good_hope,16.553424653590895,26,29754,4013,2583,0.0005563428330171035,ok,29.384680315113666,Cape of Good Hope,0.136,0.0,3.9963165228554587,0.0,3.9963165228554587,,
2026-07-08,danish_straits_baltic,485.78622905777934,716,29754,4013,2583,0.016326753682119357,ok,100.0,Danish Straits / Baltic,0.176,0.0,17.599999999999998,0.0,17.599999999999998,,
2026-07-08,red_sea_suez,231.5649061763715,342,29754,4013,2583,0.007782647918813319,ok,68.76564818600183,Red Sea / Bab el-Mandeb / Suez,0.271,0.35,18.635490658406496,24.067976865100636,24.067976865100636,,
2026-07-08,strait_of_hormuz,1167.1079994995491,1730,29754,4013,2583,0.03922524700879038,ok,99.03655843735851,Strait of Hormuz,0.336,0.0,33.27628363495246,0.0,33.27628363495246,,
2026-07-08,strait_of_malacca,52.57738445888514,83,29754,4013,2583,0.00176706945146485,ok,67.0359387725041,Strait of Malacca,0.0,0.55,0.0,36.869766324877254,36.869766324877254,,
2026-07-08,taiwan_south_china_sea,422.56916952891993,614,29754,4013,2583,0.014202096172915235,ok,100.0,Taiwan Strait / South China Sea,0.0,0.55,0.0,55.00000000000001,55.00000000000001,,
2026-07-09,cape_of_good_hope,25.805426467916877,44,29278,3371,2012,0.0008813930756170803,ok,58.59515064423852,Cape of Good Hope,0.136,0.0,7.96894048761644,0.0,7.96894048761644,,
2026-07-09,danish_straits_baltic,329.16666902737273,495,29278,3371,2012,0.011242798996767974,ok,72.07836929123172,Danish Straits / Baltic,0.176,0.0,12.685792995256783,0.0,12.685792995256783,,
2026-07-09,red_sea_suez,113.43256684670989,171,29278,3371,2012,0.0038743277152370344,ok,23.00306445445397,Red Sea / Bab el-Mandeb / Suez,0.271,0.35,6.233830467157026,8.05107255905889,8.05107255905889,,
2026-07-09,strait_of_hormuz,805.1852234271196,1227,29278,3371,2012,0.02750137384476807,ok,55.37188330370398,Strait of Hormuz,0.336,0.0,18.60495279004454,0.0,18.60495279004454,,
2026-07-09,strait_of_malacca,43.82812312447276,69,29278,3371,2012,0.0014969643802333753,ok,52.26903317488034,Strait of Malacca,0.0,0.55,0.0,28.74796824618419,28.74796824618419,,
2026-07-09,taiwan_south_china_sea,244.53732621847908,377,29278,3371,2012,0.008352255147840668,ok,58.32434374098763,Taiwan Strait / South China Sea,0.0,0.55,0.0,32.0783890575432,32.0783890575432,,
2026-07-10,cape_of_good_hope,24.146021944613505,39,28709,3215,1564,0.0008410610590620887,ok,54.61959961566279,Cape of Good Hope,0.136,0.0,7.42826554773014,0.0,7.42826554773014,,
2026-07-10,danish_straits_baltic,195.37078298573664,292,28709,3215,1564,0.006805210316825269,ok,33.94342100591736,Danish Straits / Baltic,0.176,0.0,5.974042097041455,0.0,5.974042097041455,,
2026-07-10,red_sea_suez,146.70895173810297,217,28709,3215,1564,0.005110207660946148,ok,34.84568363967698,Red Sea / Bab el-Mandeb / Suez,0.271,0.35,9.443180266352462,12.19598927388694,12.19598927388694,,
2026-07-10,strait_of_hormuz,576.2492928307187,871,28709,3215,1564,0.02007207819257789,ok,34.525996367862945,Strait of Hormuz,0.336,0.0,11.60073477960195,0.0,11.60073477960195,,
2026-07-10,strait_of_malacca,33.84562527047932,54,28709,3215,1564,0.001178920382823481,ok,36.53036249661458,Strait of Malacca,0.0,0.55,0.0,20.09169937313802,20.09169937313802,,
2026-07-10,taiwan_south_china_sea,206.65258414729138,333,28709,3215,1564,0.007198181202664369,ok,46.66361650324724,Taiwan Strait / South China Sea,0.0,0.55,0.0,25.664989076785986,25.664989076785986,,
2026-07-11,cape_of_good_hope,11.390674721510724,18,15871,2048,965,0.0007177036558194647,ok,43.05513559954828,Cape of Good Hope,0.136,0.0,5.8554984415385665,0.0,5.8554984415385665,,
2026-07-11,danish_straits_baltic,124.35563730584975,195,15871,2048,965,0.00783540024609979,ok,41.935812521105234,Danish Straits / Baltic,0.176,0.0,7.380703003714521,0.0,7.380703003714521,,
2026-07-11,red_sea_suez,56.88859166503754,84,15871,2048,965,0.0035844364983326532,ok,20.470219643310294,Red Sea / Bab el-Mandeb / Suez,0.271,0.35,5.54742952333709,7.164576875158603,7.164576875158603,,
2026-07-11,strait_of_hormuz,365.9339598966982,549,15871,2048,965,0.023056767682987724,ok,42.50649993715598,Strait of Hormuz,0.336,0.0,14.28218397888441,0.0,14.28218397888441,,
2026-07-11,strait_of_malacca,22.916323950789174,33,15871,2048,965,0.0014439117856965013,ok,49.515168242247285,Strait of Malacca,0.0,0.55,0.0,27.23334253323601,27.23334253323601,,
2026-07-11,taiwan_south_china_sea,92.87228520855052,144,15871,2048,965,0.005851697133674659,ok,34.20321985153267,Taiwan Strait / South China Sea,0.0,0.55,0.0,18.811770918342972,18.811770918342972,,
2026-07-12,cape_of_good_hope,10.804571242850397,16,13753,2140,1271,0.000785615592441678,ok,49.308565198876906,Cape of Good Hope,0.136,0.0,6.70596486704726,0.0,6.70596486704726,,
2026-07-12,danish_straits_baltic,235.76028025624458,363,13753,2140,1271,0.017142462026921004,ok,100.0,Danish Straits / Baltic,0.176,0.0,17.599999999999998,0.0,17.599999999999998,,
2026-07-12,red_sea_suez,95.65762525277881,133,13753,2140,1271,0.006955400658240298,ok,58.098335956041936,Red Sea / Bab el-Mandeb / Suez,0.271,0.35,15.744649044087366,20.334417584614677,20.334417584614677,,
2026-07-12,strait_of_hormuz,526.3485732446838,775,13753,2140,1271,0.03827154608046854,ok,95.44672249926572,Strait of Hormuz,0.336,0.0,32.070098759753286,0.0,32.070098759753286,,
2026-07-12,strait_of_malacca,19.1249075232424,30,13753,2140,1271,0.0013905989619168472,ok,46.7983044466387,Strait of Malacca,0.0,0.55,0.0,25.739067445651287,25.739067445651287,,
2026-07-12,taiwan_south_china_sea,99.4870893815194,153,13753,2140,1271,0.007233846388534821,ok,47.01085554514122,Taiwan Strait / South China Sea,0.0,0.55,0.0,25.85597054982767,25.85597054982767,,
2026-07-13,cape_of_good_hope,32.211643790552884,49,26653,3423,1999,0.0012085560271096268,ok,98.78629685502706,Cape of Good Hope,0.136,0.0,13.434936372283682,0.0,13.434936372283682,,
2026-07-13,danish_straits_baltic,312.3648546954174,460,26653,3423,1999,0.011719688391378736,ok,76.71271970356801,Danish Straits / Baltic,0.176,0.0,13.50143866782797,0.0,13.50143866782797,,
2026-07-13,red_sea_suez,208.00837224416486,293,26653,3423,1999,0.007804313669912012,ok,69.05299816770425,Red Sea / Bab el-Mandeb / Suez,0.271,0.35,18.71336250344785,24.168549358696485,24.168549358696485,,
2026-07-13,strait_of_hormuz,878.2829699732304,1329,26653,3423,1999,0.032952499530005265,ok,76.25697142893554,Strait of Hormuz,0.336,0.0,25.622342400122346,0.0,25.622342400122346,,
2026-07-13,strait_of_malacca,23.955706016114398,38,26653,3423,1999,0.0008987996104046223,ok,24.317648708302706,Strait of Malacca,0.0,0.55,0.0,13.374706789566488,13.374706789566488,,
2026-07-13,taiwan_south_china_sea,169.95294761940394,275,26653,3423,1999,0.006376503493768204,ok,38.90613904357224,Taiwan Strait / South China Sea,0.0,0.55,0.0,21.39837647396473,21.39837647396473,,
2026-07-14,cape_of_good_hope,19.523503469936696,32,28621,3961,2287,0.0006821391100917751,ok,39.89483278753481,Cape of Good Hope,0.136,0.0,5.4256972591047345,0.0,5.4256972591047345,,
2026-07-14,danish_straits_baltic,293.91206404043044,459,28621,3961,2287,0.010269105343643843,ok,62.920504578196024,Danish Straits / Baltic,0.176,0.0,11.0740088057625,0.0,11.0740088057625,,
2026-07-14,red_sea_suez,185.51499133749797,261,28621,3961,2287,0.00648177881057608,ok,49.777430703729394,Red Sea / Bab el-Mandeb / Suez,0.271,0.35,13.489683720710667,17.422100746305286,17.422100746305286,,
2026-07-14,strait_of_hormuz,941.6637123904987,1445,28621,3961,2287,0.032901146444586096,ok,76.07878291164508,Strait of Hormuz,0.336,0.0,25.56247105831275,0.0,25.56247105831275,,
2026-07-14,strait_of_malacca,55.49118076798881,93,28621,3961,2287,0.0019388274612343666,ok,80.89567623013784,Strait of Malacca,0.0,0.55,0.0,44.492621926575815,44.492621926575815,,
2026-07-14,taiwan_south_china_sea,278.9514236059619,442,28621,3961,2287,0.00974638983983655,ok,73.52074501616464,Taiwan Strait / South China Sea,0.0,0.55,0.0,40.436409758890555,40.436409758890555,,
2026-07-15,cape_of_good_hope,35.21722477737863,59,29693,3549,2163,0.001186044683170398,ok,96.03910391570818,Cape of Good Hope,0.136,0.0,13.061318132536314,0.0,13.061318132536314,,
2026-07-15,danish_straits_baltic,289.28218262872645,449,29693,3549,2163,0.009742437026529029,ok,58.142632880299985,Danish Straits / Baltic,0.176,0.0,10.233103386932797,0.0,10.233103386932797,,
2026-07-15,red_sea_suez,216.19803747808308,313,29693,3549,2163,0.007281111288117842,ok,62.226728497036355,Red Sea / Bab el-Mandeb / Suez,0.271,0.35,16.863443422696854,21.77935497396272,21.77935497396272,,
2026-07-15,strait_of_hormuz,882.5477539961971,1345,29693,3549,2163,0.02972241787613906,ok,62.213396775258445,Strait of Hormuz,0.336,0.0,20.90370131648684,0.0,20.90370131648684,,
2026-07-15,strait_of_malacca,47.28774611099016,83,29693,3549,2163,0.001592555353483655,ok,57.35470780955188,Strait of Malacca,0.0,0.55,0.0,31.54508929525354,31.54508929525354,,
2026-07-15,taiwan_south_china_sea,295.03951447309333,473,29693,3549,2163,0.009936332282797068,ok,75.68039518505455,Taiwan Strait / South China Sea,0.0,0.55,0.0,41.624217351780004,41.624217351780004,,
2026-07-16,cape_of_good_hope,35.80644626754772,58,30449,3572,2131,0.001175948184424701,ok,94.81538255782922,Cape of Good Hope,0.136,0.0,12.894892027864776,0.0,12.894892027864776,,
2026-07-16,danish_straits_baltic,305.1886259317873,452,30449,3572,2131,0.010022944133856196,ok,60.671711709807155,Danish Straits / Baltic,0.176,0.0,10.678221260926058,0.0,10.678221260926058,,
2026-07-16,red_sea_suez,176.97925034718472,265,30449,3572,2131,0.005812317328883862,ok,42.26833510009033,Red Sea / Bab el-Mandeb / Suez,0.271,0.35,11.454718812124481,14.793917285031615,14.793917285031615,,
2026-07-16,strait_of_hormuz,861.0774696786852,1300,30449,3572,2131,0.028279334942976297,ok,57.7379683264459,Strait of Hormuz,0.336,0.0,19.399957357685825,0.0,19.399957357685825,,
2026-07-16,strait_of_malacca,64.45522020208286,99,30449,3572,2131,0.002116825518147816,ok,92.28777160729771,Strait of Malacca,0.0,0.55,0.0,50.758274384013745,50.758274384013745,,
2026-07-16,taiwan_south_china_sea,253.2167851489313,387,30449,3572,2131,0.008316095278956001,ok,57.94599389123959,Taiwan Strait / South China Sea,0.0,0.55,0.0,31.870296640181778,31.870296640181778,,
2026-07-17,cape_of_good_hope,28.20937256445082,47,28398,3042,1767,0.0009933577211229954,ok,70.1077019044264,Cape of Good Hope,0.136,0.0,9.534647459001992,0.0,9.534647459001992,,
2026-07-17,danish_straits_baltic,273.8770934147414,402,28398,3042,1767,0.009644238799026037,ok,57.2657847040084,Danish Straits / Baltic,0.176,0.0,10.078778107905476,0.0,10.078778107905476,,
2026-07-17,red_sea_suez,133.43280900702476,195,28398,3042,1767,0.004698669237517598,ok,30.72228242910981,Red Sea / Bab el-Mandeb / Suez,0.271,0.35,8.325738538288759,10.752798850188434,10.752798850188434,,
2026-07-17,strait_of_hormuz,691.7317659765641,1028,28398,3042,1767,0.024358467708168328,ok,46.15647754258351,Strait of Hormuz,0.336,0.0,15.50857645430806,0.0,15.50857645430806,,
2026-07-17,strait_of_malacca,62.8899028846197,105,28398,3042,1767,0.002214589157145563,ok,98.75436937900061,Strait of Malacca,0.0,0.55,0.0,54.31490315845034,54.31490315845034,,
2026-07-17,taiwan_south_china_sea,314.2031006459983,475,28398,3042,1767,0.011064268633213546,ok,93.37220139041713,Taiwan Strait / South China Sea,0.0,0.55,0.0,51.354710764729425,51.354710764729425,,
2026-07-18,cape_of_good_hope,29.097473780706423,50,15287,2059,1315,0.0019034129509195017,ok,100.0,Cape of Good Hope,0.136,0.0,13.600000000000001,0.0,13.600000000000001,,
2026-07-18,danish_straits_baltic,135.32584260842438,211,15287,2059,1315,0.008852347917081466,ok,50.359451898645744,Danish Straits / Baltic,0.176,0.0,8.86326353416165,0.0,8.86326353416165,,
2026-07-18,red_sea_suez,133.95186843201228,188,15287,2059,1315,0.008762469315890122,ok,82.15239531740484,Red Sea / Bab el-Mandeb / Suez,0.271,0.35,22.263299131016712,28.753338361091693,28.753338361091693,,
2026-07-18,strait_of_hormuz,488.7922271722865,712,15287,2059,1315,0.031974372157538206,ok,72.88699537287557,Strait of Hormuz,0.336,0.0,24.490030445286195,0.0,24.490030445286195,,
2026-07-18,strait_of_malacca,41.37578984815092,58,15287,2059,1315,0.002706599715323538,ok,100.0,Strait of Malacca,0.0,0.55,0.0,55.00000000000001,55.00000000000001,,
2026-07-18,taiwan_south_china_sea,117.64036593096411,181,15287,2059,1315,0.007695451424803042,ok,51.58166817811784,Taiwan Strait / South China Sea,0.0,0.55,0.0,28.369917497964813,28.369917497964813,,
2026-07-19,cape_of_good_hope,9.97665996985357,16,12648,1914,1304,0.000788793482752496,ok,49.60805435788185,Cape of Good Hope,0.136,0.0,6.746695392671932,0.0,6.746695392671932,,
2026-07-19,danish_straits_baltic,144.1250020852,207,12648,1914,1304,0.011395082391302973,ok,73.54776634481136,Danish Straits / Baltic,0.176,0.0,12.944406876686799,0.0,12.944406876686799,,
2026-07-19,red_sea_suez,159.02310164837905,226,12648,1914,1304,0.012572984001294992,ok,100.0,Red Sea / Bab el-Mandeb / Suez,0.271,0.35,27.1,35.0,35.0,,
2026-07-19,strait_of_hormuz,517.8507786289122,746,12648,1914,1304,0.04094329369298799,ok,100.0,Strait of Hormuz,0.336,0.0,33.6,0.0,33.6,,
2026-07-19,strait_of_malacca,14.080986964065096,23,12648,1914,1304,0.0011132975145529012,ok,33.52309643487651,Strait of Malacca,0.0,0.55,0.0,18.43770303918208,18.43770303918208,,
2026-07-19,taiwan_south_china_sea,113.22837381534553,174,12648,1914,1304,0.008952274969587724,ok,64.72087069407169,Taiwan Strait / South China Sea,0.0,0.55,0.0,35.596478881739436,35.596478881739436,,
2026-07-20,cape_of_good_hope,33.531876147925516,52,25066,3411,2019,0.0013377434033322235,ok,100.0,Cape of Good Hope,0.136,0.0,13.600000000000001,0.0,13.600000000000001,,
2026-07-20,danish_straits_baltic,243.32261750249748,382,25066,3411,2019,0.009707277487532813,ok,57.82817008334774,Danish Straits / Baltic,0.176,0.0,10.177757934669202,0.0,10.177757934669202,,
2026-07-20,red_sea_suez,223.7274877018284,307,25066,3411,2019,0.008925536092788176,ok,84.45627665631513,Red Sea / Bab el-Mandeb / Suez,0.271,0.35,22.8876509738614,29.55969682971029,29.55969682971029,,
2026-07-20,strait_of_hormuz,836.0295606100684,1235,25066,3411,2019,0.03335313016077828,ok,77.65186785863325,Strait of Hormuz,0.336,0.0,26.091027600500773,0.0,26.091027600500773,,
2026-07-20,strait_of_malacca,40.55352326575657,67,25066,3411,2019,0.0016178697544784397,ok,58.72764708874985,Strait of Malacca,0.0,0.55,0.0,32.30020589881242,32.30020589881242,,
2026-07-20,taiwan_south_china_sea,217.5905177342374,339,25066,3411,2019,0.008680703651728933,ok,61.798314027750635,Taiwan Strait / South China Sea,0.0,0.55,0.0,33.98907271526285,33.98907271526285,,
2026-07-21,cape_of_good_hope,30.350005305934616,47,28043,3721,2024,0.0010822667084810689,ok,83.71397649017253,Cape of Good Hope,0.136,0.0,11.385100802663464,0.0,11.385100802663464,,
2026-07-21,danish_straits_baltic,223.14533970281855,336,28043,3721,2024,0.007957256345712604,ok,42.91788453700483,Danish Straits / Baltic,0.176,0.0,7.5535476785128495,0.0,7.5535476785128495,,
2026-07-21,red_sea_suez,289.3540127168009,427,28043,3721,2024,0.010318226035616765,ok,100.0,Red Sea / Bab el-Mandeb / Suez,0.271,0.35,27.1,35.0,35.0,,
2026-07-21,strait_of_hormuz,840.224176482701,1242,28043,3721,2024,0.029961993241903538,ok,62.96711027925371,Strait of Hormuz,0.336,0.0,21.156949053829248,0.0,21.156949053829248,,
2026-07-21,strait_of_malacca,31.047490843666406,52,28043,3721,2024,0.0011071387099692047,ok,33.245304926855624,Strait of Malacca,0.0,0.55,0.0,18.284917709770596,18.284917709770596,,
2026-07-21,taiwan_south_china_sea,254.21628791790408,394,28043,3721,2024,0.00906523153435453,ok,65.94966333418925,Taiwan Strait / South China Sea,0.0,0.55,0.0,36.272314833804096,36.272314833804096,,
2026-07-22,cape_of_good_hope,35.529132983726,56,30174,3799,2216,0.0011774750773422815,ok,95.0001099834588,Cape of Good Hope,0.136,0.0,12.920014957750398,0.0,12.920014957750398,,
2026-07-22,danish_straits_baltic,219.04452861913268,326,30174,3799,2216,0.007259379883977354,ok,37.39749981395781,Danish Straits / Baltic,0.176,0.0,6.581959967256574,0.0,6.581959967256574,,
2026-07-22,red_sea_suez,358.45524888476456,520,30174,3799,2216,0.011879606578006381,ok,100.0,Red Sea / Bab el-Mandeb / Suez,0.271,0.35,27.1,35.0,35.0,,
2026-07-22,strait_of_hormuz,998.9685384028131,1447,30174,3799,2216,0.03310693107983075,ok,76.79366527387275,Strait of Hormuz,0.336,0.0,25.802671532021243,0.0,25.802671532021243,,
2026-07-22,strait_of_malacca,60.622752113704465,94,30174,3799,2216,0.002009105591360259,ok,85.3337261237726,Strait of Malacca,0.0,0.55,0.0,46.933549368074935,46.933549368074935,,
2026-07-22,taiwan_south_china_sea,348.8180508197077,524,30174,3799,2216,0.011560219089935299,ok,99.7200822532803,Taiwan Strait / South China Sea,0.0,0.55,0.0,54.84604523930417,54.84604523930417,,
2026-07-23,cape_of_good_hope,39.96234007056802,61,30159,3945,2444,0.0013250552097406419,ok,100.0,Cape of Good Hope,0.136,0.0,13.600000000000001,0.0,13.600000000000001,,
2026-07-23,danish_straits_baltic,363.2283348729515,546,30159,3945,2444,0.012043779133026676,ok,79.91668430625958,Danish Straits / Baltic,0.176,0.0,14.065336437901685,0.0,14.065336437901685,,
2026-07-23,red_sea_suez,486.0285865747009,733,30159,3945,2444,0.016115540521061737,ok,100.0,Red Sea / Bab el-Mandeb / Suez,0.271,0.35,27.1,35.0,35.0,,
2026-07-23,strait_of_hormuz,1085.1509187625616,1605,30159,3945,2444,0.035980998002671225,ok,87.00752543249303,Strait of Hormuz,0.336,0.0,29.23452854531766,0.0,29.23452854531766,,
2026-07-23,strait_of_malacca,92.68989126578043,137,30159,3945,2444,0.00307337415914919,ok,100.0,Strait of Malacca,0.0,0.55,0.0,55.00000000000001,55.00000000000001,,
2026-07-23,taiwan_south_china_sea,412.71394570584846,624,30159,3945,2444,0.013684603126955418,ok,100.0,Taiwan Strait / South China Sea,0.0,0.55,0.0,55.00000000000001,55.00000000000001,,
2026-07-24,cape_of_good_hope,35.80900420874117,58,27970,3373,1926,0.001280264719654672,ok,100.0,Cape of Good Hope,0.136,0.0,13.600000000000001,0.0,13.600000000000001,,
2026-07-24,danish_straits_baltic,295.79276628936606,431,27970,3373,1926,0.01057535810830769,ok,65.75607877901483,Danish Straits / Baltic,0.176,0.0,11.573069865106609,0.0,11.573069865106609,,
2026-07-24,red_sea_suez,420.205848820449,610,27970,3373,1926,0.015023448295332463,ok,100.0,Red Sea / Bab el-Mandeb / Suez,0.271,0.35,27.1,35.0,35.0,,
2026-07-24,strait_of_hormuz,762.7248141631011,1140,27970,3373,1926,0.0272693891370433,ok,54.67273807242703,Strait of Hormuz,0.336,0.0,18.370039992335485,0.0,18.370039992335485,,
2026-07-24,strait_of_malacca,98.95142976902257,152,27970,3373,1926,0.0035377701025749936,ok,100.0,Strait of Malacca,0.0,0.55,0.0,55.00000000000001,55.00000000000001,,
2026-07-24,taiwan_south_china_sea,385.6165508835742,576,27970,3373,1926,0.01378679123645242,ok,100.0,Taiwan Strait / South China Sea,0.0,0.55,0.0,55.00000000000001,55.00000000000001,,
2026-07-25,cape_of_good_hope,7.39593953389071,12,16879,2517,1453,0.00043817403482971203,ok,20.538900063915865,Cape of Good Hope,0.136,0.0,2.793290408692558,0.0,2.793290408692558,,
2026-07-25,danish_straits_baltic,274.1002070218116,410,16879,2517,1453,0.01623912595662134,ok,100.0,Danish Straits / Baltic,0.176,0.0,17.599999999999998,0.0,17.599999999999998,,
2026-07-25,red_sea_suez,217.38660198408218,318,16879,2517,1453,0.01287911617892542,ok,100.0,Red Sea / Bab el-Mandeb / Suez,0.271,0.35,27.1,35.0,35.0,,
2026-07-25,strait_of_hormuz,474.03795107105844,709,16879,2517,1453,0.0280844807791373,ok,57.14224632616195,Strait of Hormuz,0.336,0.0,19.19979476559042,0.0,19.19979476559042,,
2026-07-25,strait_of_malacca,65.86998741401965,101,16879,2517,1453,0.0039024816288891315,ok,100.0,Strait of Malacca,0.0,0.55,0.0,55.00000000000001,55.00000000000001,,
2026-07-25,taiwan_south_china_sea,209.9382787259826,320,16879,2517,1453,0.01243783865904275,ok,100.0,Taiwan Strait / South China Sea,0.0,0.55,0.0,55.00000000000001,55.00000000000001,,
2026-07-26,cape_of_good_hope,11.834360168917208,17,13711,2266,1266,0.0008631288869460439,ok,56.78330954465582,Cape of Good Hope,0.136,0.0,7.722530098073192,0.0,7.722530098073192,,
2026-07-26,danish_straits_baltic,240.45408162113785,346,13711,2266,1266,0.01753731176581853,ok,100.0,Danish Straits / Baltic,0.176,0.0,17.599999999999998,0.0,17.599999999999998,,
2026-07-26,red_sea_suez,225.80710643951852,320,13711,2266,1266,0.01646904722044479,ok,100.0,Red Sea / Bab el-Mandeb / Suez,0.271,0.35,27.1,35.0,35.0,,
2026-07-26,strait_of_hormuz,475.3491122626332,689,13711,2266,1266,0.0346691789266015,ok,82.292895595787,Strait of Hormuz,0.336,0.0,27.650412920184433,0.0,27.650412920184433,,
2026-07-26,strait_of_malacca,33.71440361953583,52,13711,2266,1266,0.0024589310494884274,ok,100.0,Strait of Malacca,0.0,0.55,0.0,55.00000000000001,55.00000000000001,,
2026-07-26,taiwan_south_china_sea,128.30169277926584,185,13711,2266,1266,0.00935757368384989,ok,69.16543535296559,Taiwan Strait / South China Sea,0.0,0.55,0.0,38.04098944413108,38.04098944413108,,
2026-07-27,cape_of_good_hope,17.06457870118389,27,25299,3430,1734,0.0006745159374356255,ok,39.22794404365917,Cape of Good Hope,0.136,0.0,5.3350003899376475,0.0,5.3350003899376475,,
2026-07-27,danish_straits_baltic,327.8871569307543,488,25299,3430,1734,0.012960478949000131,ok,93.67294164729071,Danish Straits / Baltic,0.176,0.0,16.486437729923164,0.0,16.486437729923164,,
2026-07-27,red_sea_suez,245.8692271430659,364,25299,3430,1734,0.009718535402310996,ok,95.95811253827425,Red Sea / Bab el-Mandeb / Suez,0.271,0.35,26.004648497872324,33.58533938839599,33.58533938839599,,
2026-07-27,strait_of_hormuz,608.3911449681889,906,25299,3430,1734,0.02404803134385505,ok,45.27693337561403,Strait of Hormuz,0.336,0.0,15.213049614206314,0.0,15.213049614206314,,
2026-07-27,strait_of_malacca,55.17739216367893,90,25299,3430,1734,0.002181010797410132,ok,96.51688336631777,Strait of Malacca,0.0,0.55,0.0,53.08428585147478,53.08428585147478,,
2026-07-27,taiwan_south_china_sea,196.27162596410074,305,25299,3430,1734,0.007758078420653019,ok,52.21261916327106,Taiwan Strait / South China Sea,0.0,0.55,0.0,28.716940539799083,28.716940539799083,,
2026-07-28,cape_of_good_hope,24.754915161746297,38,29665,3461,1770,0.0008344822235545693,ok,53.97999725320809,Cape of Good Hope,0.136,0.0,7.341279626436301,0.0,7.341279626436301,,
2026-07-28,danish_straits_baltic,405.2152761158157,623,29665,3461,1770,0.013659709290942717,ok,100.0,Danish Straits / Baltic,0.176,0.0,17.599999999999998,0.0,17.599999999999998,,
2026-07-28,red_sea_suez,179.37379101626232,273,29665,3461,1770,0.006046647261630282,ok,44.850069227557825,Red Sea / Bab el-Mandeb / Suez,0.271,0.35,12.154368760668172,15.697524229645238,15.697524229645238,,
2026-07-28,strait_of_hormuz,657.5515162020505,989,29665,3461,1770,0.02216590312496378,ok,40.06691055859991,Strait of Hormuz,0.336,0.0,13.46248194768957,0.0,13.46248194768957,,
2026-07-28,strait_of_malacca,44.632208089789366,67,29665,3461,1770,0.0015045409772388122,ok,52.66635933716276,Strait of Malacca,0.0,0.55,0.0,28.96649763543952,28.96649763543952,,
2026-07-28,taiwan_south_china_sea,181.67524383495495,283,29665,3461,1770,0.006124228681441259,ok,36.62025213946952,Taiwan Strait / South China Sea,0.0,0.55,0.0,20.141138676708238,20.141138676708238,,
2026-07-29,cape_of_good_hope,24.373503837893814,37,30146,3547,1974,0.0008085153532108344,ok,51.48012949338365,Cape of Good Hope,0.136,0.0,7.001297611100177,0.0,7.001297611100177,,
2026-07-29,danish_straits_baltic,312.45625601102506,474,30146,3547,1974,0.010364766669243849,ok,63.80174805724634,Danish Straits / Baltic,0.176,0.0,11.229107658075355,0.0,11.229107658075355,,
2026-07-29,red_sea_suez,417.2235440365191,598,30146,3547,1974,0.013840096332399625,ok,100.0,Red Sea / Bab el-Mandeb / Suez,0.271,0.35,27.1,35.0,35.0,,
2026-07-29,strait_of_hormuz,858.2153197538628,1283,30146,3547,1974,0.0284686299924986,ok,58.31866344114302,Strait of Hormuz,0.336,0.0,19.595070916224056,0.0,19.595070916224056,,
2026-07-29,strait_of_malacca,40.52436268703287,66,30146,3547,1974,0.00134426997568609,ok,44.47920489690201,Strait of Malacca,0.0,0.55,0.0,24.463562693296108,24.463562693296108,,
2026-07-29,taiwan_south_china_sea,244.0858337029524,392,30146,3547,1974,0.008096790078383613,ok,55.669016803328695,Taiwan Strait / South China Sea,0.0,0.55,0.0,30.617959241830786,30.617959241830786,,
2026-07-30,cape_of_good_hope,21.23871269124129,35,30304,3671,2092,0.0007008550914480362,ok,41.547947360043175,Cape of Good Hope,0.136,0.0,5.650520840965872,0.0,5.650520840965872,,
2026-07-30,danish_straits_baltic,319.42827232144833,486,30304,3671,2092,0.010540795681145998,ok,65.43398588949768,Danish Straits / Baltic,0.176,0.0,11.51638151655159,0.0,11.51638151655159,,
2026-07-30,red_sea_suez,373.8079233513417,544,30304,3671,2092,0.01233526674205853,ok,100.0,Red Sea / Bab el-Mandeb / Suez,0.271,0.35,27.1,35.0,35.0,,
2026-07-30,strait_of_hormuz,945.3774578423823,1414,30304,3671,2092,0.031196457822148308,ok,66.89838569648883,Strait of Hormuz,0.336,0.0,22.47785759402025,0.0,22.47785759402025,,
2026-07-30,strait_of_malacca,44.07862915581876,66,30304,3671,2092,0.001454548216599088,ok,50.06329734777075,Strait of Malacca,0.0,0.55,0.0,27.534813541273916,27.534813541273916,,
2026-07-30,taiwan_south_china_sea,286.7170524173168,436,30304,3671,2092,0.009461359966252534,ok,70.31930673931718,Taiwan Strait / South China Sea,0.0,0.55,0.0,38.675618706624455,38.675618706624455,,
2026-07-31,cape_of_good_hope,19.854578362598858,33,28539,3389,1910,0.000695699862034369,ok,41.090374507918035,Cape of Good Hope,0.136,0.0,5.588290933076853,0.0,5.588290933076853,,
2026-07-31,danish_straits_baltic,278.81964618735657,420,28539,3389,1910,0.009769776312672363,ok,58.387544813989614,Danish Straits / Baltic,0.176,0.0,10.27620788726217,0.0,10.27620788726217,,
2026-07-31,red_sea_suez,298.84763453157274,442,28539,3389,1910,0.01047155242060243,ok,100.0,Red Sea / Bab el-Mandeb / Suez,0.271,0.35,27.1,35.0,35.0,,
2026-07-31,strait_of_hormuz,720.6100212806979,1085,28539,3389,1910,0.025250009505613298,ok,48.7135779615568,Strait of Hormuz,0.336,0.0,16.367762195083085,0.0,16.367762195083085,,
2026-07-31,strait_of_malacca,37.376225886328704,57,28539,3389,1910,0.0013096543637243318,ok,42.77227088443795,Strait of Malacca,0.0,0.55,0.0,23.524748986440876,23.524748986440876,,
2026-07-31,taiwan_south_china_sea,245.13161632338327,369,28539,3389,1910,0.008589355489799336,ok,60.82541736870102,Taiwan Strait / South China Sea,0.0,0.55,0.0,33.45397955278556,33.45397955278556,,
2026-08-01,cape_of_good_hope,7.782770465043132,11,16537,2246,1265,0.0004706277114980427,ok,22.862486775738198,Cape of Good Hope,0.136,0.0,3.109298201500395,0.0,3.109298201500395,,
2026-08-01,danish_straits_baltic,263.58443058090535,390,16537,2246,1265,0.015939071813563847,ok,100.0,Danish Straits / Baltic,0.176,0.0,17.599999999999998,0.0,17.599999999999998,,
2026-08-01,red_sea_suez,144.85897821734665,230,16537,2246,1265,0.008759689074036806,ok,82.11329924737689,Red Sea / Bab el-Mandeb / Suez,0.271,0.35,22.25270409603914,28.739654736581908,28.739654736581908,,
2026-08-01,strait_of_hormuz,364.8701285333046,573,16537,2246,1265,0.02206386457841837,ok,39.79056310429186,Strait of Hormuz,0.336,0.0,13.369629203042066,0.0,13.369629203042066,,
2026-08-01,strait_of_malacca,24.82129339437447,38,16537,2246,1265,0.0015009550338256317,ok,52.47818299921736,Strait of Malacca,0.0,0.55,0.0,28.86300064956955,28.86300064956955,,
2026-08-01,taiwan_south_china_sea,133.8851759632665,217,16537,2246,1265,0.008096098201806042,ok,55.6618815190436,Taiwan Strait / South China Sea,0.0,0.55,0.0,30.61403483547398,30.61403483547398,,
2026-08-02,cape_of_good_hope,13.532376499656836,20,14195,2254,1402,0.0009533199365732185,ok,65.91211336865034,Cape of Good Hope,0.136,0.0,8.964047418136447,0.0,8.964047418136447,,
2026-08-02,danish_straits_baltic,208.48068039055414,318,14195,2254,1402,0.014686909502680813,ok,100.0,Danish Straits / Baltic,0.176,0.0,17.599999999999998,0.0,17.599999999999998,,
2026-08-02,red_sea_suez,252.8497078387978,363,14195,2254,1402,0.017812589491989984,ok,100.0,Red Sea / Bab el-Mandeb / Suez,0.271,0.35,27.1,35.0,35.0,,
2026-08-02,strait_of_hormuz,503.4558400475139,758,14195,2254,1402,0.03546712504737681,ok,85.15026199837388,Strait of Hormuz,0.336,0.0,28.610488031453624,0.0,28.610488031453624,,
2026-08-02,strait_of_malacca,12.27555621238466,19,14195,2254,1402,0.000864780289706563,ok,22.950171798261596,Strait of Malacca,0.0,0.55,0.0,12.622594489043879,12.622594489043879,,
2026-08-02,taiwan_south_china_sea,158.58185979449433,275,14195,2254,1402,0.011171670291968604,ok,94.73505150428993,Taiwan Strait / South China Sea,0.0,0.55,0.0,52.10427832735947,52.10427832735947,,
2026-08-03,cape_of_good_hope,25.57137233350935,42,24913,3042,1610,0.0010264268588090293,ok,73.6375338594344,Cape of Good Hope,0.136,0.0,10.014704604883079,0.0,10.014704604883079,,
2026-08-03,danish_straits_baltic,237.6072607656787,343,24913,3042,1610,0.009537480864033986,ok,56.31755639178289,Danish Straits / Baltic,0.176,0.0,9.911889924953787,0.0,9.911889924953787,,
2026-08-03,red_sea_suez,275.1669858573828,407,24913,3042,1610,0.011045116439504789,ok,100.0,Red Sea / Bab el-Mandeb / Suez,0.271,0.35,27.1,35.0,35.0,,
2026-08-03,strait_of_hormuz,641.4883500541392,953,24913,3042,1610,0.025749141012890428,ok,50.165116913219855,Strait of Hormuz,0.336,0.0,16.855479282841873,0.0,16.855479282841873,,
2026-08-03,strait_of_malacca,29.51414278417838,46,24913,3042,1610,0.0011846884270934202,ok,36.798785545854486,Strait of Malacca,0.0,0.55,0.0,20.239332050219968,20.239332050219968,,
2026-08-03,taiwan_south_china_sea,201.34398641129994,313,24913,3042,1610,0.00808188441421346,ok,55.515363012859666,Taiwan Strait / South China Sea,0.0,0.55,0.0,30.53344965707282,30.53344965707282,,
2026-08-04,cape_of_good_hope,42.53214140608116,69,27977,3001,1766,0.0015202538301490925,ok,100.0,Cape of Good Hope,0.136,0.0,13.600000000000001,0.0,13.600000000000001,,
2026-08-04,danish_straits_baltic,312.59163987649725,468,27977,3001,1766,0.011173165095489053,ok,71.40976554080176,Danish Straits / Baltic,0.176,0.0,12.568118735181109,0.0,12.568118735181109,,
2026-08-04,red_sea_suez,272.6222405609158,412,27977,3001,1766,0.009744513012864704,ok,96.34311306849906,Red Sea / Bab el-Mandeb / Suez,0.271,0.35,26.10898364156325,33.72008957397467,33.72008957397467,,
2026-08-04,strait_of_hormuz,567.0415716663715,864,27977,3001,1766,0.020268133526338473,ok,35.033081985181944,Strait of Hormuz,0.336,0.0,11.771115547021134,0.0,11.771115547021134,,
2026-08-04,strait_of_malacca,47.311191938522406,74,27977,3001,1766,0.0016910745233056584,ok,62.75833127171248,Strait of Malacca,0.0,0.55,0.0,34.517082199441866,34.517082199441866,,
2026-08-04,taiwan_south_china_sea,197.78741774403588,310,27977,3001,1766,0.007069643555207344,ok,45.419307468636916,Taiwan Strait / South China Sea,0.0,0.55,0.0,24.980619107750307,24.980619107750307,,
2026-08-05,cape_of_good_hope,35.24822452675646,52,29602,3513,2044,0.0011907379409079272,ok,96.6097171632592,Cape of Good Hope,0.136,0.0,13.138921534203252,0.0,13.138921534203252,,
2026-08-05,danish_straits_baltic,371.58092520180537,546,29602,3513,2044,0.012552561489149563,ok,89.28553771012965,Danish Straits / Baltic,0.176,0.0,15.714254636982817,0.0,15.714254636982817,,
2026-08-05,red_sea_suez,271.19646803572056,399,29602,3513,2044,0.009161423823921376,ok,87.826368912871,Red Sea / Bab el-Mandeb / Suez,0.271,0.35,23.800945975388043,30.73922911950485,30.73922911950485,,
2026-08-05,strait_of_hormuz,681.4545644405779,1031,29602,3513,2044,0.023020558220410037,ok,42.40640786672664,Strait of Hormuz,0.336,0.0,14.248553043220152,0.0,14.248553043220152,,
2026-08-05,strait_of_malacca,49.225884834548836,75,29602,3513,2044,0.0016629242900665102,ok,61.19782433511061,Strait of Malacca,0.0,0.55,0.0,33.658803384310836,33.658803384310836,,
2026-08-05,taiwan_south_china_sea,235.85879906446823,351,29602,3513,2044,0.007967664315399914,ok,54.342645203162945,Taiwan Strait / South China Sea,0.0,0.55,0.0,29.88845486173962,29.88845486173962,,
2026-08-06,cape_of_good_hope,21.73703708743957,34,28293,3263,1661,0.0007682832180199898,ok,47.68581876684054,Cape of Good Hope,0.136,0.0,6.485271352290314,0.0,6.485271352290314,,
2026-08-06,danish_straits_baltic,245.2539814686062,362,28293,3263,1661,0.00866836254439636,ok,48.79764728235483,Danish Straits / Baltic,0.176,0.0,8.58838592169445,0.0,8.58838592169445,,
2026-08-06,red_sea_suez,208.9781300087803,295,28293,3263,1661,0.007386213197921052,ok,63.57893137245411,Red Sea / Bab el-Mandeb / Suez,0.271,0.35,17.229890401935066,22.252625980358935,22.252625980358935,,
2026-08-06,strait_of_hormuz,561.9248853075419,857,28293,3263,1661,0.01986091560836751,ok,33.982600453001496,Strait of Hormuz,0.336,0.0,11.418153752208504,0.0,11.418153752208504,,
2026-08-06,strait_of_malacca,55.71547987788704,85,28293,3263,1661,0.0019692319611878217,ok,82.80601406280631,Strait of Malacca,0.0,0.55,0.0,45.543307734543475,45.543307734543475,,
2026-08-06,taiwan_south_china_sea,243.05388053797708,378,28293,3263,1661,0.00859060122779405,ok,60.83865036636759,Taiwan Strait / South China Sea,0.0,0.55,0.0,33.46125770150218,33.46125770150218,,
2026-08-07,cape_of_good_hope,36.135881110138534,62,28051,3205,1516,0.0012882207803692751,ok,100.0,Cape of Good Hope,0.136,0.0,13.600000000000001,0.0,13.600000000000001,,
2026-08-07,danish_straits_baltic,234.8982772484357,339,28051,3205,1516,0.00837397159632226,ok,46.333009313645874,Danish Straits / Baltic,0.176,0.0,8.154609639201674,0.0,8.154609639201674,,
2026-08-07,red_sea_suez,225.10852352080408,324,28051,3205,1516,0.0080249732102529,ok,72.00221425554597,Red Sea / Bab el-Mandeb / Suez,0.271,0.35,19.512600063252957,25.200774989441086,25.200774989441086,,
2026-08-07,strait_of_hormuz,551.0174051519572,826,28051,3205,1516,0.019643413965703797,ok,33.425904182080615,Strait of Hormuz,0.336,0.0,11.231103805179087,0.0,11.231103805179087,,
2026-08-07,strait_of_malacca,44.948283409720474,80,28051,3205,1516,0.0016023772204099844,ok,57.8861160096084,Strait of Malacca,0.0,0.55,0.0,31.837363805284625,31.837363805284625,,
2026-08-07,taiwan_south_china_sea,236.10856125176807,377,28051,3205,1516,0.008417117437944033,ok,59.00506749776597,Taiwan Strait / South China Sea,0.0,0.55,0.0,32.45278712377129,32.45278712377129,,
2026-08-08,cape_of_good_hope,14.446366516111834,24,15536,2226,1215,0.0009298639621596185,ok,63.494535213144445,Cape of Good Hope,0.136,0.0,8.635256788987645,0.0,8.635256788987645,,
2026-08-08,danish_straits_baltic,278.08705688437595,422,15536,2226,1215,0.017899527348376413,ok,100.0,Danish Straits / Baltic,0.176,0.0,17.599999999999998,0.0,17.599999999999998,,
2026-08-08,red_sea_suez,164.6265379485673,251,15536,2226,1215,0.010596455841179665,ok,100.0,Red Sea / Bab el-Mandeb / Suez,0.271,0.35,27.1,35.0,35.0,,
2026-08-08,strait_of_hormuz,460.41499261498154,711,15536,2226,1215,0.029635362552457616,ok,61.94026759976704,Strait of Hormuz,0.336,0.0,20.811929913521727,0.0,20.811929913521727,,
2026-08-08,strait_of_malacca,48.2597668209006,120,15536,2226,1215,0.0031063186676686793,ok,100.0,Strait of Malacca,0.0,0.55,0.0,55.00000000000001,55.00000000000001,,
2026-08-08,taiwan_south_china_sea,169.7663079917984,309,15536,2226,1215,0.010927285529853142,ok,91.64356340537594,Taiwan Strait / South China Sea,0.0,0.55,0.0,50.403959872956776,50.403959872956776,,
2026-08-09,cape_of_good_hope,0.0,0,274,10,3,0.0,ok,0.0,Cape of Good Hope,0.136,0.0,0.0,0.0,0.0,0.0,0.0
2026-08-09,danish_straits_baltic,0.0,0,274,10,3,0.0,ok,0.0,Danish Straits / Baltic,0.176,0.0,0.0,0.0,0.0,0.0,0.0
2026-08-09,red_sea_suez,0.0,0,274,10,3,0.0,ok,0.0,Red Sea / Bab el-Mandeb / Suez,0.271,0.35,0.0,0.0,0.0,0.0,0.0
2026-08-09,strait_of_hormuz,1.8957140000000001,3,274,10,3,0.006918664233576643,ok,100.0,Strait of Hormuz,0.336,0.0,33.6,0.0,33.6,33.6,33.6
2026-08-09,strait_of_malacca,0.0,0,274,10,3,0.0,ok,0.0,Strait of Malacca,0.0,0.55,0.0,0.0,0.0,0.0,0.0
2026-08-09,taiwan_south_china_sea,0.0,0,274,10,3,0.0,ok,0.0,Taiwan Strait / South China Sea,0.0,0.55,0.0,0.0,0.0,0.0,0.0
2026-08-10,cape_of_good_hope,0.0,0,319,8,3,0.0,ok,0.0,Cape of Good Hope,0.136,0.0,0.0,0.0,0.0,0.0,0.0
2026-08-10,danish_straits_baltic,2.0577763333333334,3,319,8,3,0.006450709508881923,ok,100.0,Danish Straits / Baltic,0.176,0.0,17.599999999999998,0.0,17.599999999999998,8.799999999999999,8.799999999999999
2026-08-10,red_sea_suez,0.0,0,319,8,3,0.0,ok,0.0,Red Sea / Bab el-Mandeb / Suez,0.271,0.35,0.0,0.0,0.0,0.0,0.0
2026-08-10,strait_of_hormuz,0.0,0,319,8,3,0.0,ok,0.0,Strait of Hormuz,0.336,0.0,0.0,0.0,0.0,16.8,16.8
2026-08-10,strait_of_malacca,0.0,0,319,8,3,0.0,ok,0.0,Strait of Malacca,0.0,0.55,0.0,0.0,0.0,0.0,0.0
2026-08-10,taiwan_south_china_sea,0.0,0,319,8,3,0.0,ok,0.0,Taiwan Strait / South China Sea,0.0,0.55,0.0,0.0,0.0,0.0,0.0
2026-08-11,cape_of_good_hope,0.0,0,340,6,4,0.0,ok,0.0,Cape of Good Hope,0.136,0.0,0.0,0.0,0.0,0.0,0.0
2026-08-11,danish_straits_baltic,1.7699989999999999,2,340,6,4,0.005205879411764706,ok,100.0,Danish Straits / Baltic,0.176,0.0,17.599999999999998,0.0,17.599999999999998,11.733333333333333,11.733333333333333
2026-08-11,red_sea_suez,0.0,0,340,6,4,0.0,ok,0.0,Red Sea / Bab el-Mandeb / Suez,0.271,0.35,0.0,0.0,0.0,0.0,0.0
2026-08-11,strait_of_hormuz,0.456291,1,340,6,4,0.0013420323529411764,ok,19.25433707819117,Strait of Hormuz,0.336,0.0,6.469457258272234,0.0,6.469457258272234,13.356485752757413,13.356485752757413
2026-08-11,strait_of_malacca,0.0,0,340,6,4,0.0,ok,0.0,Strait of Malacca,0.0,0.55,0.0,0.0,0.0,0.0,0.0
2026-08-11,taiwan_south_china_sea,0.39999999999999997,1,340,6,4,0.001176470588235294,ok,32.951990638218014,Taiwan Strait / South China Sea,0.0,0.55,0.0,18.12359485101991,18.12359485101991,6.041198283673303,6.041198283673303
2026-08-12,cape_of_good_hope,0.0,0,386,15,3,0.0,ok,0.0,Cape of Good Hope,0.136,0.0,0.0,0.0,0.0,0.0,0.0
2026-08-12,danish_straits_baltic,0.7342820000000001,1,386,15,3,0.0019022849740932646,ok,79.14492908200106,Danish Straits / Baltic,0.176,0.0,13.929507518432185,0.0,13.929507518432185,12.282376879608044,12.282376879608044
2026-08-12,red_sea_suez,0.0,0,386,15,3,0.0,ok,0.0,Red Sea / Bab el-Mandeb / Suez,0.271,0.35,0.0,0.0,0.0,0.0,0.0
2026-08-12,strait_of_hormuz,0.22083499999999998,1,386,15,3,0.0005721113989637305,ok,5.359262053556473,Strait of Hormuz,0.336,0.0,1.8007120499949751,0.0,1.8007120499949751,10.467542327066802,10.467542327066802
2026-08-12,strait_of_malacca,0.0,0,386,15,3,0.0,ok,0.0,Strait of Malacca,0.0,0.55,0.0,0.0,0.0,0.0,0.0
2026-08-12,taiwan_south_china_sea,0.5333333333333333,1,386,15,3,0.001381692573402418,ok,44.036873545826516,Taiwan Strait / South China Sea,0.0,0.55,0.0,24.220280450204587,24.220280450204587,10.585968825306125,10.585968825306125
2026-08-15,cape_of_good_hope,0.0,0,287,6,2,0.0,ok,0.0,Cape of Good Hope,0.136,0.0,0.0,0.0,0.0,0.0,0.0
2026-08-15,danish_straits_baltic,0.0,0,287,6,2,0.0,ok,0.0,Danish Straits / Baltic,0.176,0.0,0.0,0.0,0.0,9.825901503686435,9.825901503686435
2026-08-15,red_sea_suez,0.5973333333333333,1,287,6,2,0.00208130081300813,ok,100.0,Red Sea / Bab el-Mandeb / Suez,0.271,0.35,27.1,35.0,35.0,7.0,7.0
2026-08-15,strait_of_hormuz,0.5800043333333333,1,287,6,2,0.0020209210220673637,ok,37.359185862019615,Strait of Hormuz,0.336,0.0,12.55268644963859,0.0,12.55268644963859,10.88457115158116,10.88457115158116
2026-08-15,strait_of_malacca,0.0,0,287,6,2,0.0,ok,0.0,Strait of Malacca,0.0,0.55,0.0,0.0,0.0,0.0,0.0
2026-08-15,taiwan_south_china_sea,0.5800043333333333,1,287,6,2,0.0020209210220673637,ok,77.89747051917597,Taiwan Strait / South China Sea,0.0,0.55,0.0,42.843608785546785,42.843608785546785,17.037496817354256,17.037496817354256
2026-09-05,cape_of_good_hope,0.0,0,305,8,6,0.0,ok,0.0,Cape of Good Hope,0.136,0.0,0.0,0.0,0.0,0.0,0.0
2026-09-05,danish_straits_baltic,0.22841899999999998,1,305,8,6,0.0007489147540983606,ok,18.619542631372287,Danish Straits / Baltic,0.176,0.0,3.2770395031215225,0.0,3.2770395031215225,8.734424503592285,8.734424503592285
2026-09-05,red_sea_suez,0.0,0,305,8,6,0.0,ok,0.0,Red Sea / Bab el-Mandeb / Suez,0.271,0.35,0.0,0.0,0.0,5.833333333333333,5.833333333333333
2026-09-05,strait_of_hormuz,3.432045,5,305,8,6,0.011252606557377049,ok,100.0,Strait of Hormuz,0.336,0.0,33.6,0.0,33.6,14.670475959650966,14.670475959650966
2026-09-05,strait_of_malacca,0.0,0,305,8,6,0.0,ok,0.0,Strait of Malacca,0.0,0.55,0.0,0.0,0.0,0.0,0.0
2026-09-05,taiwan_south_china_sea,0.0,0,305,8,6,0.0,ok,0.0,Taiwan Strait / South China Sea,0.0,0.55,0.0,0.0,0.0,14.19791401446188,14.19791401446188
2026-09-06,cape_of_good_hope,0.0,0,280,2,1,0.0,ok,0.0,Cape of Good Hope,0.136,0.0,0.0,0.0,0.0,0.0,0.0
2026-09-06,danish_straits_baltic,0.0,0,280,2,1,0.0,ok,0.0,Danish Straits / Baltic,0.176,0.0,0.0,0.0,0.0,7.486649574507672,7.486649574507672
2026-09-06,red_sea_suez,0.0,0,280,2,1,0.0,ok,0.0,Red Sea / Bab el-Mandeb / Suez,0.271,0.35,0.0,0.0,0.0,5.0,5.0
2026-09-06,strait_of_hormuz,0.0,0,280,2,1,0.0,ok,0.0,Strait of Hormuz,0.336,0.0,0.0,0.0,0.0,12.574693679700829,12.574693679700829
2026-09-06,strait_of_malacca,0.0,0,280,2,1,0.0,ok,0.0,Strait of Malacca,0.0,0.55,0.0,0.0,0.0,0.0,0.0
2026-09-06,taiwan_south_china_sea,0.5,1,280,2,1,0.0017857142857142857,ok,64.70194001494228,Taiwan Strait / South China Sea,0.0,0.55,0.0,35.58606700821826,35.58606700821826,17.25336444214136,17.25336444214136
2026-09-07,cape_of_good_hope,0.0,0,328,8,2,0.0,ok,0.0,Cape of Good Hope,0.136,0.0,0.0,0.0,0.0,0.0,0.0
2026-09-07,danish_straits_baltic,0.0,0,328,8,2,0.0,ok,0.0,Danish Straits / Baltic,0.176,0.0,0.0,0.0,0.0,7.486649574507672,6.550818377694213
2026-09-07,red_sea_suez,0.0,0,328,8,2,0.0,ok,0.0,Red Sea / Bab el-Mandeb / Suez,0.271,0.35,0.0,0.0,0.0,5.0,4.375
2026-09-07,strait_of_hormuz,0.46116333333333326,1,328,8,2,0.0014059857723577234,ok,20.646929789560794,Strait of Hormuz,0.336,0.0,6.937368409292427,0.0,6.937368409292427,8.765746309599747,11.87002802089978
2026-09-07,strait_of_malacca,0.0,0,328,8,2,0.0,ok,0.0,Strait of Malacca,0.0,0.55,0.0,0.0,0.0,0.0,0.0
2026-09-07,taiwan_south_china_sea,0.619365,1,328,8,2,0.0018883079268292684,ok,70.35720324393598,Taiwan Strait / South China Sea,0.0,0.55,0.0,38.696461784164796,38.696461784164796,22.78143041130776,19.93375160989429
2026-09-08,cape_of_good_hope,0.0,0,373,4,2,0.0,ok,0.0,Cape of Good Hope,0.136,0.0,0.0,0.0,0.0,0.0,0.0
2026-09-08,danish_straits_baltic,0.0,0,373,4,2,0.0,ok,0.0,Danish Straits / Baltic,0.176,0.0,0.0,0.0,0.0,4.972363860221959,5.822949669061523
2026-09-08,red_sea_suez,0.0,0,373,4,2,0.0,ok,0.0,Red Sea / Bab el-Mandeb / Suez,0.271,0.35,0.0,0.0,0.0,5.0,3.888888888888889
2026-09-08,strait_of_hormuz,0.0,0,373,4,2,0.0,ok,0.0,Strait of Hormuz,0.336,0.0,0.0,0.0,0.0,8.765746309599747,10.551136018577582
2026-09-08,strait_of_malacca,0.0,0,373,4,2,0.0,ok,0.0,Strait of Malacca,0.0,0.55,0.0,0.0,0.0,0.0,0.0
2026-09-08,taiwan_south_china_sea,1.1933383333333332,2,373,4,2,0.003199298480786416,ok,100.0,Taiwan Strait / South China Sea,0.0,0.55,0.0,55.00000000000001,55.00000000000001,30.63857326845062,23.830001431017152
2026-09-09,cape_of_good_hope,0.0,0,426,11,7,0.0,ok,0.0,Cape of Good Hope,0.136,0.0,0.0,0.0,0.0,0.0,0.0
2026-09-09,danish_straits_baltic,0.773048,1,426,11,7,0.0018146666666666665,ok,73.74032048473981,Danish Straits / Baltic,0.176,0.0,12.978296405314206,0.0,12.978296405314206,4.3121204895525596,6.538484342686791
2026-09-09,red_sea_suez,0.5580233333333333,1,426,11,7,0.0013099139280125195,ok,64.2689360465577,Red Sea / Bab el-Mandeb / Suez,0.271,0.35,17.416881668617137,22.49412761629519,22.49412761629519,8.213446802327883,5.749412761629519
2026-09-09,strait_of_hormuz,2.7248726666666663,4,426,11,7,0.006396414710485132,ok,100.0,Strait of Hormuz,0.336,0.0,33.6,0.0,33.6,12.64153812984657,12.85602241671982
2026-09-09,strait_of_malacca,0.0,0,426,11,7,0.0,ok,0.0,Strait of Malacca,0.0,0.55,0.0,0.0,0.0,0.0,0.0
2026-09-09,taiwan_south_china_sea,1.345718,2,426,11,7,0.003158962441314554,ok,100.0,Taiwan Strait / South China Sea,0.0,0.55,0.0,55.00000000000001,55.00000000000001,35.90663114687635,26.947001287915434
2026-09-10,cape_of_good_hope,0.0,0,409,11,6,0.0,ok,0.0,Cape of Good Hope,0.136,0.0,0.0,0.0,0.0,0.0,0.0
2026-09-10,danish_straits_baltic,0.0,0,409,11,6,0.0,ok,0.0,Danish Straits / Baltic,0.176,0.0,0.0,0.0,0.0,2.322190844062247,5.944076675169811
2026-09-10,red_sea_suez,0.91316,2,409,11,6,0.0022326650366748164,ok,100.0,Red Sea / Bab el-Mandeb / Suez,0.271,0.35,27.1,35.0,35.0,13.213446802327883,8.408557056026835
2026-09-10,strait_of_hormuz,2.9159386666666665,5,409,11,6,0.007129434392828035,ok,100.0,Strait of Hormuz,0.336,0.0,33.6,0.0,33.6,17.18429355127586,14.741838560654385
2026-09-10,strait_of_malacca,0.0,0,409,11,6,0.0,ok,0.0,Strait of Malacca,0.0,0.55,0.0,0.0,0.0,0.0,0.0
2026-09-10,taiwan_south_china_sea,0.0,0,409,11,6,0.0,ok,0.0,Taiwan Strait / South China Sea,0.0,0.55,0.0,0.0,0.0,32.446591082561405,24.49727389810494
2026-09-11,cape_of_good_hope,0.0,0,411,7,3,0.0,ok,0.0,Cape of Good Hope,0.136,0.0,0.0,0.0,0.0,0.0,0.0
2026-09-11,danish_straits_baltic,0.5449633333333332,2,411,7,3,0.0013259448499594482,ok,46.0572410790432,Danish Straits / Baltic,0.176,0.0,8.106074429911603,0.0,8.106074429911603,3.4802014769067617,6.1242431547316265
2026-09-11,red_sea_suez,0.0,0,411,7,3,0.0,ok,0.0,Red Sea / Bab el-Mandeb / Suez,0.271,0.35,0.0,0.0,0.0,8.213446802327883,7.707843968024599
2026-09-11,strait_of_hormuz,0.21999999999999997,1,411,7,3,0.000535279805352798,ok,4.850152348462533,Strait of Hormuz,0.336,0.0,1.6296511890834111,0.0,1.6296511890834111,15.623859942625119,13.649156279690137
2026-09-11,strait_of_malacca,0.0,0,411,7,3,0.0,ok,0.0,Strait of Malacca,0.0,0.55,0.0,0.0,0.0,0.0,0.0
2026-09-11,taiwan_south_china_sea,0.0,0,411,7,3,0.0,ok,0.0,Taiwan Strait / South China Sea,0.0,0.55,0.0,0.0,0.0,26.326075541769008,22.455834406596196
2026-09-12,cape_of_good_hope,0.0,0,374,15,5,0.0,ok,0.0,Cape of Good Hope,0.136,0.0,0.0,0.0,0.0,0.0,0.0
2026-09-12,danish_straits_baltic,0.0,0,374,15,5,0.0,ok,0.0,Danish Straits / Baltic,0.176,0.0,0.0,0.0,0.0,3.01205297646083,5.653147527444578
2026-09-12,red_sea_suez,1.5129433333333333,3,374,15,5,0.00404530303030303,ok,100.0,Red Sea / Bab el-Mandeb / Suez,0.271,0.35,27.1,35.0,35.0,13.213446802327883,9.807240585868861
2026-09-12,strait_of_hormuz,3.187492333333333,5,374,15,5,0.008522706773618537,ok,100.0,Strait of Hormuz,0.336,0.0,33.6,0.0,33.6,15.623859942625119,15.183836565867818
2026-09-12,strait_of_malacca,0.0,0,374,15,5,0.0,ok,0.0,Strait of Malacca,0.0,0.55,0.0,0.0,0.0,0.0,0.0
2026-09-12,taiwan_south_china_sea,0.0,0,374,15,5,0.0,ok,0.0,Taiwan Strait / South China Sea,0.0,0.55,0.0,0.0,0.0,26.326075541769008,20.728462529165718
2026-09-13,cape_of_good_hope,0.0,0,393,6,3,0.0,ok,0.0,Cape of Good Hope,0.136,0.0,0.0,0.0,0.0,0.0,0.0
2026-09-13,danish_straits_baltic,0.0,0,393,6,3,0.0,ok,0.0,Danish Straits / Baltic,0.176,0.0,0.0,0.0,0.0,3.01205297646083,5.249351275484251
2026-09-13,red_sea_suez,1.645,2,393,6,3,0.0041857506361323155,ok,100.0,Red Sea / Bab el-Mandeb / Suez,0.271,0.35,27.1,35.0,35.0,18.213446802327883,11.606723401163944
2026-09-13,strait_of_hormuz,1.645,2,393,6,3,0.0041857506361323155,ok,100.0,Strait of Hormuz,0.336,0.0,33.6,0.0,33.6,20.423859942625118,16.499276811162975
2026-09-13,strait_of_malacca,0.0,0,393,6,3,0.0,ok,0.0,Strait of Malacca,0.0,0.55,0.0,0.0,0.0,0.0,0.0
2026-09-13,taiwan_south_china_sea,0.468329,1,393,6,3,0.001191676844783715,ok,33.59292305968854,Taiwan Strait / South China Sea,0.0,0.55,0.0,18.476107682828697,18.476107682828697,23.88179563814193,20.567580040141646
2026-09-14,cape_of_good_hope,0.0,0,395,8,4,0.0,ok,0.0,Cape of Good Hope,0.136,0.0,0.0,0.0,0.0,0.0,0.0
2026-09-14,danish_straits_baltic,0.768329,1,395,8,4,0.0019451367088607597,ok,81.83421542712405,Danish Straits / Baltic,0.176,0.0,14.402821915173831,0.0,14.402821915173831,5.0695989643428065,5.8595826514635565
2026-09-14,red_sea_suez,0.0,0,395,8,4,0.0,ok,0.0,Red Sea / Bab el-Mandeb / Suez,0.271,0.35,0.0,0.0,0.0,18.213446802327883,10.832941841086347
2026-09-14,strait_of_hormuz,0.5001783333333333,1,395,8,4,0.0012662742616033754,ok,17.64719811270177,Strait of Hormuz,0.336,0.0,5.929458565867795,0.0,5.929458565867795,20.27987282213589,15.79462226147663
2026-09-14,strait_of_malacca,0.0,0,395,8,4,0.0,ok,0.0,Strait of Malacca,0.0,0.55,0.0,0.0,0.0,0.0,0.0
2026-09-14,taiwan_south_china_sea,0.6812779999999999,2,395,8,4,0.0017247544303797466,ok,61.4172330706854,Taiwan Strait / South China Sea,0.0,0.55,0.0,33.77947818887697,33.77947818887697,23.179369410243673,21.448373250057333
2026-09-15,cape_of_good_hope,0.0,0,405,14,11,0.0,ok,0.0,Cape of Good Hope,0.136,0.0,0.0,0.0,0.0,0.0,0.0
2026-09-15,danish_straits_baltic,1.645472,4,405,14,11,0.004062893827160494,ok,100.0,Danish Straits / Baltic,0.176,0.0,17.599999999999998,0.0,17.599999999999998,7.58388467862852,6.593358735747084
2026-09-15,red_sea_suez,1.2104499999999998,3,405,14,11,0.0029887654320987648,ok,100.0,Red Sea / Bab el-Mandeb / Suez,0.271,0.35,27.1,35.0,35.0,23.213446802327887,12.34338297601845
2026-09-15,strait_of_hormuz,1.2104499999999998,3,405,14,11,0.0029887654320987648,ok,67.19100521846019,Strait of Hormuz,0.336,0.0,22.576177753402625,0.0,22.576177753402625,23.505041072621975,16.218469479722003
2026-09-15,strait_of_malacca,0.0,0,405,14,11,0.0,ok,0.0,Strait of Malacca,0.0,0.55,0.0,0.0,0.0,0.0,0.0
2026-09-15,taiwan_south_china_sea,3.185754,7,405,14,11,0.00786605925925926,ok,100.0,Taiwan Strait / South China Sea,0.0,0.55,0.0,55.00000000000001,55.00000000000001,23.17936941024367,23.54534992192875
2026-09-16,cape_of_good_hope,0.0,0,424,7,6,0.0,ok,0.0,Cape of Good Hope,0.136,0.0,0.0,0.0,0.0,0.0,0.0
2026-09-16,danish_straits_baltic,0.252859,1,424,7,6,0.0005963655660377358,ok,13.230896379975409,Danish Straits / Baltic,0.176,0.0,2.328637762875672,0.0,2.328637762875672,6.062504872565872,6.342492796166413
2026-09-16,red_sea_suez,2.725239666666667,5,424,7,6,0.006427452044025158,ok,100.0,Red Sea / Bab el-Mandeb / Suez,0.271,0.35,27.1,35.0,35.0,25.0,13.676125153899719
2026-09-16,strait_of_hormuz,2.225239666666667,4,424,7,6,0.00524820676100629,ok,100.0,Strait of Hormuz,0.336,0.0,33.6,0.0,33.6,23.50504107262198,17.240912451503064
2026-09-16,strait_of_malacca,0.0,0,424,7,6,0.0,ok,0.0,Strait of Malacca,0.0,0.55,0.0,0.0,0.0,0.0,0.0
2026-09-16,taiwan_south_china_sea,0.252859,1,424,7,6,0.0005963655660377358,ok,11.89265672383191,Taiwan Strait / South China Sea,0.0,0.55,0.0,6.540961198107551,6.540961198107551,16.25664958140189,22.545091761703976
2026-09-17,cape_of_good_hope,0.0,0,398,12,8,0.0,ok,0.0,Cape of Good Hope,0.136,0.0,0.0,0.0,0.0,0.0,0.0
2026-09-17,danish_straits_baltic,2.4648250000000003,4,398,12,8,0.006193027638190955,ok,100.0,Danish Straits / Baltic,0.176,0.0,17.599999999999998,0.0,17.599999999999998,8.576790586851585,6.9679098630460565
2026-09-17,red_sea_suez,0.3,1,398,12,8,0.0007537688442211055,ok,28.053964587513246,Red Sea / Bab el-Mandeb / Suez,0.271,0.35,7.60262440321609,9.818887605629635,9.818887605629635,21.40269822937566,13.461834178995822
2026-09-17,strait_of_hormuz,0.3,1,398,12,8,0.0007537688442211055,ok,8.104782526283179,Strait of Hormuz,0.336,0.0,2.7232069288311482,0.0,2.7232069288311482,19.094070633883568,16.434373255799066
2026-09-17,strait_of_malacca,0.0,0,398,12,8,0.0,ok,0.0,Strait of Malacca,0.0,0.55,0.0,0.0,0.0,0.0,0.0
2026-09-17,taiwan_south_china_sea,2.1457450000000002,5,398,12,8,0.005391319095477388,ok,100.0,Taiwan Strait / South China Sea,0.0,0.55,0.0,55.00000000000001,55.00000000000001,24.11379243854475,24.34814221938709
2026-09-18,cape_of_good_hope,0.0,0,388,15,5,0.0,ok,0.0,Cape of Good Hope,0.136,0.0,0.0,0.0,0.0,0.0,0.0
2026-09-18,danish_straits_baltic,0.8160000000000001,1,388,15,5,0.002103092783505155,ok,92.00202316868794,Danish Straits / Baltic,0.176,0.0,16.192356077689077,0.0,16.192356077689077,9.731973679391226,7.453407032237794
2026-09-18,red_sea_suez,0.0,0,388,15,5,0.0,ok,0.0,Red Sea / Bab el-Mandeb / Suez,0.271,0.35,0.0,0.0,0.0,21.402698229375662,12.753316590627621
2026-09-18,strait_of_hormuz,0.8600049999999999,1,388,15,5,0.0022165077319587626,ok,42.91185286090247,Strait of Hormuz,0.336,0.0,14.41838256126323,0.0,14.41838256126323,20.921032258480686,16.328268482402443
2026-09-18,strait_of_malacca,0.0,0,388,15,5,0.0,ok,0.0,Strait of Malacca,0.0,0.55,0.0,0.0,0.0,0.0,0.0
2026-09-18,taiwan_south_china_sea,2.0705783333333336,3,388,15,5,0.005336542096219932,ok,100.0,Taiwan Strait / South China Sea,0.0,0.55,0.0,55.00000000000001,55.00000000000001,31.970935295687607,25.961397892050925
2026-09-19,cape_of_good_hope,0.0,0,328,7,2,0.0,ok,0.0,Cape of Good Hope,0.136,0.0,0.0,0.0,0.0,0.0,0.0
2026-09-19,danish_straits_baltic,0.3333333333333333,1,328,7,2,0.001016260162601626,ok,30.90416973422212,Danish Straits / Baltic,0.176,0.0,5.439133873223093,0.0,5.439133873223093,10.50899280413738,7.3526933742870595
2026-09-19,red_sea_suez,0.0,0,328,7,2,0.0,ok,0.0,Red Sea / Bab el-Mandeb / Suez,0.271,0.35,0.0,0.0,0.0,16.402698229375662,12.11565076109624
2026-09-19,strait_of_hormuz,0.0,0,328,7,2,0.0,ok,0.0,Strait of Hormuz,0.336,0.0,0.0,0.0,0.0,16.121032258480685,15.511855058282322
2026-09-19,strait_of_malacca,0.0,0,328,7,2,0.0,ok,0.0,Strait of Malacca,0.0,0.55,0.0,0.0,0.0,0.0,0.0
2026-09-19,taiwan_south_china_sea,0.311365,1,328,7,2,0.0009492835365853659,ok,23.883829796012446,Taiwan Strait / South China Sea,0.0,0.55,0.0,13.136106387806846,13.136106387806846,33.84752192251715,25.32013331683872
